lemma;tags;ordklasse;transfertype;falsepositive;noter
abbedi;REL;S;L;;
abinde;FAU;S;L;1;
advent;REL;S;L;1;
afbigt;SPR;S;N;;
afbræk;HAN;S;L;;
afbud;SPR;S;L;;
afgrund;VER;S;L;;
afgud;REL;S;L;;
afguderi;REL;S;L;;
afgunst;FØL;S;L;;
afhandling;SAM;S;L;;
aflad;REL;S;L;;
afmagt;FØL;S;L;;
afsked;SPR;S;L;;
aftræd;HAN;S;L;1;
agerum;FLO;S;L;1;
agt;SAN;S;L;;
agter;SØF;S;L;1;
agterstand;BES;S;L;1;
agtertanke;KOG;S;L;1;
agtning;KOG;S;L;;
akeleje;FLO;S;L;;
alant;FLO;S;L;;
alderdom;KRO;S;L;;
aldermand;SAM;S;L;;
allike;FAU;S;L;;
almisse;REL;S;L;;
alrune;FLO;S;L;;
alun;HÅN;S;L;;
alvor;KOG;S;L;;
ambolt;HÅN;S;L;;
amdam;GAS;S;L;;
ame;KVA;S;L;;
amt;SAM;S;L;;
andel;BES;S;L;;
andeputte;VER;S;N;1;
andrik;FAU;S;L;;
andvord;BES;S;L;;
ane;SLÆ;S;L;;
anfald;KRO;S;L;;
angang;HAN;S;L;;
angel;HÅN;S;L;;
angreb;MIL;S;L;;
angst;FØL;S;L;;
anhang;SAM;S;L;;
anhær;SLÆ;S;L;;
anker;SØF;S;L;;
ankomst;HAN;S;L;;
anpart;BES;S;L;;
anrigter;GAS;S;L;;
ansigt;KRO;S;L;;
anskrig;HAN;S;L;;
anslag;HAN;S;L;;
anstand;JUR;S;L;;
anstød;HAN;S;L;;
antal;KVA;S;L;;
antræd;HUS;S;L;;
anverper;HÅN;S;L;;
arbejde;HÅN;S;L;;
ark;SAM;S;L;;
arkeli;MIL;S;L;;
armbrøst;MIL;S;L;;
armod;BES;S;L;;
armtøj;MIL;S;L;;
aron;FLO;S;L;;
art;FAU;S;L;;
arvesåt;SAM;S;K;;
avnbøg;FLO;S;K;;
baj;BEK;S;L;;
bakke;SØF;S;L;;
bakkelse;GAS;S;L;;
baldrian;FLO;S;L;;
balg;MIL;S;L;;
balje;HÅN;S;L;;
ballast;SØF;S;L;;
balle;SØF;S;L;;
bane;BEV;S;L;;
banner;MIL;S;L;;
barat;BEK;S;L;;
barber;HÅN;S;L;;
barde;MIL;S;L;;
barde;FAU;S;L;;
barfred;MIL;S;L;;
bark;FLO;S;L;1;
barker;HÅN;S;L;1;
barnefod;KOG;S;L;1;
barnsten;SØF;S;L;;
bars;FAU;S;L;;
barse;SØF;S;L;;
bart;KRO;S;L;;
bastert;GAS;S;L;;
basun;MUS;S;L;;
bean;KRO;S;L;1;
bed;HÅN;S;L;;
bede;FLO;S;L;;
bede;REL;S;L;;
bede;FAU;S;L;;
bedrag;BES;S;K;;
bedrift;HAN;S;K;;
bedring;KRO;S;K;;
bedrøvelse;FØL;S;L;1;
befal;SAM;S;L;;
befaling;SAM;S;L;1;
beg;HÅN;S;L;;
begreb;KOG;S;K;;
begyndelse;HAN;S;L;1;
begynder;SAM;S;L;1;
begængelse;HAN;S;K;;
begær;KOG;S;L;;
begæring;SAM;S;L;1;
behag;KOG;S;L;;
behjælp;HAN;S;K;;
behold;KOG;S;K;;
behov;KOG;S;L;;
behør;SAM;S;K;;
bejtel;HÅN;S;L;;
bekendelse;SPR;S;L;;USIKKER
beklemmelse;KOG;S;N;;
bekymmer;FØL;S;L;;
bekymring;FØL;S;L;;
belag;MIL;S;L;;
belob;RUM;S;L;;
beram;SAM;S;L;;USIKKER
berggeselle;HÅN;S;L;;
berme;MIL;S;L;;
bernsten;SØF;S;L;1;
bertram;FLO;S;L;;
berøm;SAM;S;L;;
beråd;KOG;S;L;;
besked;SPR;S;L;;
beskudding;SAM;S;L;;
beskyt;SAM;S;L;;
beslag;HÅN;S;L;;
bestand;SAM;S;L;;
bestilling;SAM;S;L;;USIKKER
besvær;KOG;S;L;;
betryk;KOG;S;K;;
bevilling;SAM;S;L;;
bibel;REL;S;L;;
bigat;SØF;S;L;1;USIKKER
bigtpenge;BES;S;L;;
bikke;HÅN;S;L;;
bikkel;KRO;S;L;1;
bil;HÅN;S;L;;
billede;MUS;S;L;;
bindike;HÅN;S;L;;
bindsel;SØF;S;L;;
bindt;HÅN;S;L;1;
bindøkse;HÅN;S;K;;
birk;JUR;S;L;1;
bislag;HUS;S;L;;
bislopperske;SAM;S;L;;
bismer;BES;S;L;;
bismervægt;BES;S;N;;
bistand;SAM;S;K;;
bit;KVA;S;L;;
bitte;KVA;S;L;;
bles;FAU;S;L;;
blide;MIL;S;L;;
blik;HÅN;S;L;;
blik;HAN;S;L;1;
blixen;VER;S;L;;
blok;HÅN;S;L;;
blomme;FLO;S;L;;
blus;SØF;S;L;;
bly;HÅN;S;L;;
blyant;BEK;S;L;1;USIKKER
blyglætte;HÅN;S;L;;
blæne;KRO;S;L;;
blænker;MIL;S;N;;
boble;VER;S;L;;
bog;FLO;S;L;;
bogfinke;FAU;S;L;;
boghvede;FLO;S;L;;
bol;SAM;S;L;;USIKKER
bole;SAM;S;L;;
bolskab;SAM;S;L;;
bolt;SØF;S;L;;
bolt;HÅN;S;L;;
bolværk;HÅN;S;L;;
bom;SAM;S;L;;
bommesi;BEK;S;L;;
bomolie;GAS;S;L;;
bomuld;BEK;S;L;;
bopæl;SAM;S;K;1;
borg;BES;S;L;;
borgeleje;SAM;S;L;1;USIKKER
borger;SAM;S;L;;
borgerskab;SAM;S;L;;
borgerske;SAM;S;L;;
borgmester;SAM;S;L;;
bort;HÅN;S;L;;
boulevard;SAM;S;L;1;
boveri;HAN;S;L;;
bovspryd;SØF;S;L;;
brad;GAS;S;L;;
bradbænk;SØF;S;K;;
bradspid;GAS;S;L;;
brage;VER;S;K;;
brage;HÅN;S;L;;
bram;FLO;S;L;;
bras;FØL;S;L;;
brase;HÅN;S;L;;
brasen;FAU;S;L;;
brask;FØL;S;L;;
bregne;FLO;S;L;1;
bremse;HÅN;S;L;;
brik;HÅN;S;L;;
briks;HÅN;S;L;;
brink;VER;S;L;1;
brise;VER;S;L;;
brist;HAN;S;L;1;
brok;KRO;S;L;;
brokfugl;FAU;S;L;;
brombær;FLO;S;L;;
brosme;FAU;S;L;1;
brug;SAM;S;L;;
brum;SPR;S;L;;
bry;GAS;S;L;;
bræk;HAN;S;L;;
bræmme;BEK;S;L;;
brændevin;GAS;S;K;;
bræt;HÅN;S;L;;
brøde;FØL;S;K;;
brødsukker;GAS;S;N;;
buddike;FLO;S;L;;
bugbid;KRO;S;K;;
bugspryd;SØF;S;K;;
bugt;VER;S;L;;
buksbom;FLO;S;L;;
bukse;BEK;S;L;;
bulder;HAN;S;L;;
bule;HAN;S;L;;
bumester;HÅN;S;L;;
bundt;KVA;S;L;;
buntmager;HÅN;S;L;;
bursprog;SAM;S;L;;
bussemand;KRO;S;L;;
busseskib;SØF;S;K;;
bylt;BEK;S;L;;
bynne;VER;S;L;;
byse;SØF;S;L;;
bytte;FAU;S;L;;
bægt;HAN;S;L;1;
bækken;KRO;S;L;;
bære;HAN;S;L;;USIKKER
bærme;SAM;S;L;;
bæst;FAU;S;L;;
bæver;FAU;S;K;;
bævergejl;FAU;S;K;;
bøddel;SAM;S;L;;
bøddele;SAM;S;L;;
bødker;HÅN;S;L;;
bøffel;FAU;S;L;;
bøje;SØF;S;L;;
bøjert;SØF;S;L;;
bønhas;SAM;S;L;;
bør;BEV;S;L;;
bøsse;MIL;S;L;;
bøssekrudt;MIL;S;L;;
bøssesten;MIL;S;L;;
bøtte;HÅN;S;L;;
både;HAN;S;L;;
bådsmand;SØF;S;L;;
båke;SØF;S;L;;
båre;MIL;S;L;;
celle;SAM;S;L;1;
chartek;SAM;S;L;1;
daddel;FLO;S;L;;
dagting;SAM;S;K;;
damask;BEK;S;L;;
dannekvinde;SAM;S;N;;
dannemand;SAM;S;N;;
dat;HAN;S;L;;USIKKER
datum;TID;S;L;;
deger;KVA;S;L;;
del;KVA;S;L;;
desmer;FAU;S;L;;
desmerdyr;FAU;S;N;;
desmerurt;FLO;S;N;;
dialesalve;BEK;S;L;;
digegreve;SAM;S;L;;
digel;HÅN;S;L;;
digt;MUS;S;L;;
dirk;HÅN;S;L;;
dise;BEK;S;L;;
dising;VER;S;L;;USIKKER
dobbe;FAU;S;L;;
dobbel;SAM;S;L;;
dok;SØF;S;L;;
dole;SAM;S;L;;
dollar;BES;S;L;1;
dolslag;BEK;S;L;;
donkraft;HÅN;S;L;;
drabant;MIL;S;L;;
drager;SAM;S;L;;
dragesele;BEV;S;L;;
dragt;BEK;S;L;;
dranker;SAM;S;K;;USIKKER
dressel;BES;S;L;;
drog;SAM;S;K;;
dromedar;FAU;S;L;1;
drone;FAU;S;L;;
dros;KRO;S;L;;
drossel;FAU;S;L;;
drost;SAM;S;L;;
dru;GAS;S;L;1;
drue;KVA;S;L;;
druebor;HÅN;S;N;;
drukkenbolt;SAM;S;L;;
drukkenskab;HAN;S;L;1;USIKKER
drummer;REL;S;L;;USIKKER
drunk;HAN;S;L;;
dryp;HAN;S;L;;
dræk;HUS;S;L;;
dræksjung;SAM;S;N;;
drøvelse;FØL;S;K;;USIKKER
dudendop;SAM;S;L;;
dug;HUS;S;L;;
dugt;SØF;S;L;;
dukke;HUS;S;L;;
dumrian;SAM;S;L;;
dunder;VER;S;L;;
dunk;HÅN;S;L;;
dunst;SAN;S;L;;USIKKER
dup;HÅN;S;L;;
durik;FAU;S;L;;
dus;SAM;S;L;;
dusin;KVA;S;L;;
dvaledrik;GAS;S;L;1;
dvælg;SØF;S;L;;
dvælg;HUS;S;L;;
dyring;TID;S;L;;
dyst;MIL;S;L;;
dyvel;HÅN;S;L;;
dække;HUS;S;L;1;
dæksel;HÅN;S;L;;
dæle;HÅN;S;L;;
dødike;HÅN;S;L;;
dødslag;HAN;S;K;;
dørk;SØF;S;L;;
dørns;HUS;S;L;;USIKKER
dørslag;HUS;S;L;;USIKKER
dåb;REL;S;L;;
dåre;SAM;S;L;;
dårekiste;SAM;S;L;;
ebbe;VER;S;L;;
eddike;GAS;S;L;;
efterretning;SPR;S;K;;
ege;SØF;S;L;;
egt;KRO;S;L;1;
ejendom;JUR;S;L;;
ejland;VER;S;L;;
elende;FØL;S;L;;
elfenben;HÅN;S;L;1;
elm;FLO;S;L;1;
embedsmand;SAM;S;K;;
endesked;SAM;S;L;;
endragt;SAM;S;L;;
enhjørning;FLO;S;K;;USIKKER
enke;SLÆ;S;L;1;
enspænder;SAM;S;K;1;
es;KVA;S;L;;
es;FØL;S;L;;
eskadre;SØF;S;L;1;
esping;SØF;S;L;;
esse;HUS;S;L;;USIKKER
etmål;SØF;S;L;;
eventyr;HAN;S;L;;
evert;SØF;S;L;;
façon;HAN;S;L;1;
fadder;REL;S;L;;
fadderskab;REL;S;L;;
fadderske;REL;S;L;;
fading;HÅN;S;L;1;
fagte;HAN;S;L;;
faldbom;MIL;S;L;;
falk;FAU;S;L;;
falkeleje;FAU;S;L;;
falkoner;FAU;S;L;;
falkonet;SØF;S;L;;USIKKER
fals;HAN;S;L;;
falsk;HAN;S;L;;
falskner;SAM;S;L;;
fane;MIL;S;L;;
fange;MIL;S;L;;USIKKER
fangst;FAU;S;L;;
fanke;FLO;S;L;;
fant;SAM;S;L;;USIKKER
fare;FØL;S;L;;
farebog;REL;S;K;1;
farlighed;FØL;S;L;;
farsot;KRO;S;L;1;
fart;BEV;S;L;;
fartøj;BEV;S;L;;
farve;HÅN;S;L;;
farvelade;MUS;S;N;;
farver;HÅN;S;L;1;
fastelavn;REL;S;L;;
feber;KRO;S;L;;
fedel;MUS;S;L;;
fedtegrever;GAS;S;N;;
fejde;MIL;S;L;;
fejefyr;REL;S;L;;
fejl;HAN;S;L;;
felt;VER;S;L;;
fenne;VER;S;L;;
fennikel;FLO;S;L;;
ferdendel;KVA;S;L;;
fernis;HÅN;S;L;;
fetalje;GAS;S;L;;
fetaljebroder;SAM;S;L;;
fibel;HUS;S;L;;
figen;FLO;S;K;;
fikke;BEK;S;L;;
fil;HÅN;S;K;;
filt;HÅN;S;L;;
finke;FAU;S;L;;
finkeljokum;GAS;S;L;1;
finker;GAS;S;L;;
finne;FAU;S;L;;
finne;FAU;S;L;1;
fiol;MUS;S;L;;
firk;BES;S;L;;
fistel;KRO;S;L;;USIKKER
fjas;SPR;S;L;;
fjerdendel;KVA;S;L;1;
fjældfras;FAU;S;L;1;
fjæs;HAN;S;L;1;
flab;KRO;S;L;;
flagermus;FAU;S;K;;
flagspætte;FAU;S;N;;
fled;SAM;S;L;1;
flid;HAN;S;L;;
flint;VER;S;L;1;
flintsten;VER;S;L;1;
flise;HÅN;S;L;;
flitter;HÅN;S;L;1;
flod;VER;S;L;;
flok;HÅN;S;L;;
floksilke;BEK;S;N;;
flomme;KRO;S;L;;
flos;BEK;S;L;1;
flugt;MIL;S;L;;
flæb;KRO;S;L;;
flække;SAM;S;L;;
fløj;"FAU;MIL;SAM";S;K;;
fløjl;BEK;S;L;;
fløjte;MUS;S;L;;
fløjte;SØF;S;L;1;
flåd;HAN;S;L;1;
fod;KRO;S;L;1;
foder;HÅN;S;L;;
fodgænger;SAM;S;K;;
foermand;SAM;S;L;;
foerværk;HÅN;S;L;;
foged;JUR;S;L;;
fogedi;JUR;S;L;;
fok;SØF;S;L;;
fold;FAU;S;L;;USIKKER
foragt;FØL;S;L;;
forbandt;HÅN;S;L;;
forbeding;REL;S;L;;
forborg;MIL;S;L;;
forbud;HAN;S;L;1;
forbund;SAM;S;L;;
fordel;HAN;S;L;;
fordrag;JUR;S;K;;
fordæk;SØF;S;L;;
fordærv;HAN;S;L;;
forehavende;HAN;S;K;;
forfader;SLÆ;S;L;;
forfald;HAN;S;L;;
forfang;HAN;S;L;;
forgift;GAS;S;L;;
forhoved;KRO;S;L;;
forhæng;HUS;S;L;;
forhøjning;VER;S;L;1;
forhør;JUR;S;K;;
forkastel;SØF;S;L;;
forkering;"HAN;SAM";S;L;;
forkøb;BES;S;K;;
forlag;BES;S;L;;
forlis;BES;S;L;;
forlisning;BES;S;L;;
forlov;JUR;S;L;;
forlover;JUR;S;L;1;USIKKER
forlust;BES;S;L;;
forløb;"TID;RUM";S;L;1;USIKKER
form;RUM;S;L;1;
formue;BES;S;L;;
formuenhed;BES;S;L;1;USIKKER
formynder;JUR;S;L;;
formynderskab;JUR;S;L;;
fornotling;JUR;S;L;;
fornuft;FØL;S;L;;
forord;SPR;S;L;1;
forpligt;JUR;S;L;;
forprang;BES;S;L;;
forpæling;MIL;S;L;;
forram;HAN;S;L;;
forræder;JUR;S;L;;
forråd;BES;S;K;;
forsigtighed;HAN;S;L;;
forskel;KOG;S;L;;
forskrift;JUR;S;L;1;USIKKER
forskud;"HÅN;BES";S;L;1;
forsmag;FØL;S;L;1;
forsmædelse;FØL;S;K;;
forspan;BEK;S;L;;
forspil;MUS;S;L;1;
forsprekker;SAM;S;L;;
forspøg;HAN;S;K;;USIKKER
forstand;KOG;S;L;;
forstander;SAM;S;K;;
forstrand;VER;S;L;;
forstændighed;KOG;S;L;1;
forståelse;KOG;S;L;1;
forsæt;HAN;S;K;;
fortgang;BEV;S;L;;
fortjeneste;BES;S;L;1;
fortog;SØF;S;L;;
fortog;HAN;S;L;1;USIKKER
fortoning;"KOG;SØF";S;L;1;
fortrin;HAN;S;K;;
fortræd;FØL;S;L;;
fortøgering;HAN;S;L;;
forvantskab;SLÆ;S;L;;
forvar;HAN;S;L;;
forvorpenhed;HAN;S;L;;
foræring;BES;S;L;;
forår;TID;S;K;;
fourer;"SAM;MIL";S;L;;USIKKER
fragt;SØF;S;L;;
fransos;SAM;S;L;;
fribytter;MIL;S;L;;
frier;SAM;S;L;;
frihed;SAM;S;L;;
friherre;SAM;S;L;;
frille;SLÆ;S;L;1;
fritte;FAU;S;L;;
frokost;GAS;S;L;;
fromesse;REL;S;L;;
fruentimmer;SAM;S;L;1;
frugt;FLO;S;L;;
frygt;FØL;S;L;;
frynt;SLÆ;S;L;;
fryntskab;SLÆ;S;L;;
frøken;SAM;S;L;;
fråds;HAN;S;L;;
fugt;VER;S;L;;
fuldbord;JUR;S;L;;
fuldmagt;JUR;S;L;;
fund;HAN;S;K;;
fust;VER;S;L;1;
fusthammer;HÅN;S;L;;
fyldest;"JUR;BES";S;L;;
fyr;"VER;SØF";S;L;;
fyraften;TID;S;L;;
fyrbold;MIL;S;K;;
fyrbolle;HUS;S;K;1;
fyrbøder;HÅN;S;L;;
fyrighed;FØL;S;L;;
fyrste;SAM;S;L;;
fyrstinde;SAM;S;L;;
fyrtøj;HÅN;S;L;;
fælg;HÅN;S;L;;
fængsel;JUR;S;L;;
fænnik;MIL;S;L;;
fætter;SLÆ;S;L;;
føje;JUR;S;L;;
føring;SØF;S;K;;
gaber;SAM;S;L;1;
gadder;HUS;S;L;;
gaffel;"GAS;MIL;SØF;HÅN";S;L;;
galej;SØF;S;L;;
galgant;FLO;S;L;1;
galle;"FLO;KRO;HÅN";S;L;;
galm;VER;S;L;1;
gangvogn;BEV;S;K;;
ganning;FØL;S;L;1;
garn;HÅN;S;L;;
gave;BES;S;K;;USIKKER
gebyr;BES;S;L;;
gebærd;HAN;S;L;;
gederams;FLO;S;N;;USIKKER
gefald;"FØL;HAN";S;L;;
gehør;SAN;S;L;;
geled;MIL;S;L;;
gelegenhed;HAN;S;L;;
gelejdsmand;BEV;S;L;;
gemak;HUS;S;L;;
gemyse;FLO;S;L;1;
gerrighed;BES;S;L;1;
geryst;HÅN;S;L;;
geråd;BES;S;L;;
gesel;HÅN;S;L;;
gesellestik;MIL;S;L;;
gesind;HUS;S;L;;
gesindeken;HUS;S;L;;
geskæft;HAN;S;L;;
geskænk;BES;S;L;;
getov;HÅN;S;L;;
gevind;BES;S;L;;
gevær;MIL;S;L;;
gie;SØF;S;L;;
gifttyde;FLO;S;N;;USIKKER
gige;MUS;S;L;;
gigt;KRO;S;L;;
gisel;MIL;S;L;1;
gjordel;BEK;S;L;1;
glas;"HÅN;GAS;SØF";S;L;;
glavind;MIL;S;K;;USIKKER
glib;HÅN;S;L;1;
glut;SAM;S;L;;USIKKER
glætte;HÅN;S;L;;
greve;SAM;S;L;;
grever;GAS;S;L;;
grib;FAU;S;L;;
grimmenis;SAM;S;L;;USIKKER
grindel;HUS;S;L;;
groffenbrad;GAS;S;L;;
grotfyrste;SAM;S;L;1;
grube;"VER;HÅN";S;L;;
grue;"HUS;VER";S;L;;
grus;VER;S;L;;
grut;"VER;FLO";S;L;1;USIKKER
græker;SAM;S;L;1;
grænse;SAM;S;L;;
græsenke;"SAM;KOG";S;K;;
græskar;FLO;S;N;;
græsspire;FLO;S;L;;USIKKER
grævling;FAU;S;L;;
grøde;"FLO;KRO";S;L;;
grøft;VER;S;L;1;
grønirisk;FAU;S;K;;USIKKER
grønsvær;FAU;S;L;1;
gudshus;REL;S;K;;
guldværk;HÅN;S;K;;
gunst;FØL;S;L;;
gylden;BES;S;L;;
gylle;FLO;S;L;;
gynter;KRO;S;L;1;
gæk;HÅN;S;L;;
gæk;SAM;S;L;;
gækkeri;HAN;S;L;;
gær;FLO;S;K;;
gæstehus;SAM;S;K;1;
gøgelspil;HAN;S;L;;
gøgl;HAN;S;L;;
gøgler;SAM;S;L;;
gåseørn;FAU;S;L;1;
hage;MIL;S;L;;
hagebøsse;MIL;S;L;;
hakke;HÅN;S;L;1;USIKKER
hakkebræt;"HUS;MUS";S;L;;
hakkelse;FLO;S;L;;
halle;SAM;S;L;;
hamme;HÅN;S;L;1;
hamp;FLO;S;L;1;
handel;HAN;S;L;;
handling;HAN;S;L;1;USIKKER
handske;BEK;S;L;;
hank;HÅN;S;L;;
hanrej;SLÆ;S;L;;
hans;SAM;S;L;;
hansa;SAM;S;L;;
harnisk;MIL;S;L;;
harpiks;FLO;S;L;;
harrild;FLO;S;L;;USIKKER
hartkorn;FLO;S;L;1;
harts;FLO;S;L;1;
has;FLO;S;L;;
hase;KRO;S;L;;USIKKER
hast;BEV;S;L;;
hattestafferer;HÅN;S;L;;
havelværk;MIL;S;L;;
hedevig;GAS;S;K;;
heggel;FLO;S;L;;
hegle;FLO;S;L;;
helled;SAM;S;L;;
hellegat;SØF;S;L;1;
hellighed;REL;S;L;1;
helsfyr;REL;S;L;;
helt;SAM;S;L;;
hemmelighed;KOG;S;L;1;
henfart;"BEV;REL";S;L;1;USIKKER
herberg;SAM;S;L;;
herd;"HUS;HÅN";S;L;;
herkomst;SLÆ;S;L;1;USIKKER
herlighed;FØL;S;L;1;USIKKER
hermelin;BEK;S;L;;
herold;SAM;S;L;;
herre;SAM;S;L;1;
herskab;SAM;S;L;;
hertug;SAM;S;L;;
hidsehund;MIL;S;L;1;USIKKER
himmelstreg;VER;S;L;1;
hinderhold;MIL;S;L;1;
hingst;FAU;S;L;;
hippokras;GAS;S;L;;
hirse;FLO;S;L;;
hjerteslag;FAU;S;L;;
hjælmetegn;SAM;S;K;;
hjælper;SAM;S;L;1;
hob;KVA;S;L;;
hof;SAM;S;L;;
hoffart;HAN;S;L;;
hoffourer;SAM;S;L;;
hoffærd;HAN;S;K;;
hoffærdighed;HAN;S;L;;
hofte;KRO;S;L;;
hold;HAN;S;L;1;
holk;SØF;S;L;1;
homej;MIL;S;L;;
hore;SAM;S;L;1;USIKKER
horesøn;SLÆ;S;L;;
hospital;SAM;S;L;1;USIKKER
hov;SAM;S;L;;
hovedskib;SØF;S;L;;
hovedstol;BES;S;K;;DDO_N
hovmand;SAM;S;L;;
hovmester;"SAM;SØF";S;L;;
hovmod;FØL;S;L;;
huj;BEV;S;L;;USIKKER
huk;"RUM;SØF";S;L;;
huld;FØL;S;K;;
hulsten;HÅN;S;L;1;USIKKER
hulurt;FLO;S;L;1;
humpel;"GAS;SØF";S;L;1;USIKKER
hundestejle;FAU;S;L;1;
hungertitte;FAU;S;L;1;
husbjælke;HUS;S;K;;
husblas;GAS;S;L;;
husfrue;HUS;S;K;;
husgesinde;HUS;S;L;;USIKKER
husk;HAN;S;L;1;
hvalrav;FAU;S;L;;
hvalspæk;FAU;S;L;;
hverdag;TID;S;K;;USIKKER
hvergarn;HÅN;S;L;;
hverv;SAM;S;K;;
hvidesøndag;REL;S;L;1;USIKKER
hvilling;FAU;S;L;1;
hylle;BEK;S;L;1;
hyllike;BEK;S;L;;
hylster;HÅN;S;L;;
hyre;"BES;SØF";S;L;;
hyrling;SAM;S;L;;
hysken;HUS;S;L;;
hyssing;"HÅN;SØF";S;L;;
hæg;HAN;S;L;1;
hægte;HÅN;S;L;;
hægte;JUR;S;L;;
hælding;SØF;S;L;;
hælvt;KVA;S;L;;
hængsel;HÅN;S;L;1;
høfde;VER;S;L;;
højtid;REL;S;L;1;
høker;HÅN;S;L;;
hønnike;FAU;S;L;1;
høns;FAU;S;L;1;
hørsvinger;HÅN;S;L;1;
høved;FAU;S;L;;
høvedsmand;"SAM;MIL";S;K;;
høvl;HÅN;S;L;;
håb;FØL;S;L;1;
hån;FØL;S;L;;
håndklove;JUR;S;K;1;
hånhed;FØL;S;L;;
igle;FAU;S;L;;
igt;KRO;S;L;;
il;BEV;S;L;;
ilder;FAU;S;K;;
indbildning;KOG;S;L;1;
inddrift;FAU;S;L;1;
inderste;SAM;S;L;;
indhold;RUM;S;K;;
indholt;SØF;S;L;;
indkomst;BES;S;L;;
indlager;JUR;S;L;;
indpas;BEV;S;L;;
indsigelse;JUR;S;L;1;
indtog;HAN;S;L;1;
indtrang;HAN;S;K;;
indvåner;SAM;S;L;;
ingefær;FLO;S;L;;
irisk;FAU;S;L;;
isben;BEK;S;L;;
isenkram;HÅN;S;L;;
isop;FLO;S;L;1;
ister;GAS;S;L;;USIKKER
iver;FØL;S;L;;
jabroder;SAM;S;K;;USIKKER
jagt;MIL;S;L;;
jaherre;SAM;S;L;;
jakke;BEK;S;L;;
jammer;FØL;S;L;;
jammerdal;FØL;S;L;;
jennik;REL;S;L;;
jolle;SØF;S;L;;
jomfru;SAM;S;L;;
jordrøg;FLO;S;L;1;
junge;SAM;S;L;;
jungelin;SAM;S;L;;
junker;SAM;S;L;;
juvelér;HÅN;S;L;1;USIKKER
jæger;MIL;S;L;;
jægt;KRO;S;L;1;
jærnurt;FLO;S;K;;USIKKER
jøde;SAM;S;L;;
kabe;SØF;S;L;;
kabel;SØF;S;L;;
kabeltegn;SØF;S;L;1;
kabys;SØF;S;L;;
kag;JUR;S;L;;
kahyt;SØF;S;L;;
kakkel;HUS;S;L;;
kalent;REL;S;L;;
kalk;HÅN;S;L;;
kalkun;FAU;S;L;;
kallun;GAS;S;L;;
kalvedans;GAS;S;L;1;
kammerdug;BEK;S;L;1;USIKKER
kamp;HAN;S;L;;
kanel;GAS;S;L;;
kanin;FAU;S;L;;
kans;"KOG;HAN";S;L;;
kant;RUM;S;L;;
kanut;SAM;S;L;;
kapel;REL;S;L;;
kapel;HÅN;S;L;;
kappe;BEK;S;L;;
kapperøllike;BEK;S;L;;
kaprun;BEK;S;L;;
kapun;FAU;S;L;;
karavel;SØF;S;L;1;USIKKER
karde;HÅN;S;L;;
kardus;"MIL;KVA";S;L;;
karnap;HUS;S;L;;
karpe;FAU;S;L;;
karpe;HÅN;S;L;;
karre;BEV;S;L;;
karse;FLO;S;L;;
karte;HÅN;S;L;;
kartove;MIL;S;L;;
karusse;FAU;S;L;;
karve;GAS;S;L;;
kastel;MIL;S;L;1;
kavent;GAS;S;L;;
kavl;"HÅN;VER";S;L;1;
kedelhat;BEK;S;L;1;USIKKER
kegle;"HÅN;RUM";S;L;;
kejle;VER;S;L;1;
kejser;SAM;S;L;;
kel;HÅN;S;L;;
kende;KOG;S;K;;
kerte;HUS;S;L;;
kikkert;HUS;S;L;;
kile;HÅN;S;L;;
kim;FLO;S;L;;
kimme;HÅN;S;L;;
kimmer;HÅN;S;L;;
kin;FLO;S;L;;
kindbakke;"FAU;KRO;SØF";S;L;;
kinke;HÅN;S;L;1;
kip;HUS;S;L;;
kipe;HÅN;S;L;;
kippe;HUS;S;K;;USIKKER
kippe;HUS;S;L;;
kipper;BEK;S;L;;
kirsebær;FLO;S;L;;
kirsej;BEK;S;L;;
kiste;JUR;S;L;1;
kiv;HAN;S;L;;
klage;"SPR;JUR";S;L;;
klamme;"HÅN;SPR";S;L;;
klank;HAN;S;L;;
klap;HÅN;S;L;;
klapholt;HÅN;S;L;;
klappebænk;HUS;S;L;1;USIKKER
klaret;GAS;S;L;1;USIKKER
klat;FLO;S;L;;
klejne;GAS;S;L;;
klejnsmed;HÅN;S;L;;
klenodie;HUS;S;L;;
kleppert;"FAU;SAM";S;L;;
kleresi;REL;S;L;1;
klerk;REL;S;L;;
klid;FLO;S;L;;USIKKER
klik;"RUM;SPR";S;L;;
klinke;"HUS;HÅN;MIL";S;L;;
klint;VER;S;L;;
klippe;VER;S;L;;
klipping;"FAU;BES";S;L;1;
klister;HÅN;S;L;;
klod;"RUM;SØF";S;L;;
klode;VER;S;L;;
klods;BEK;S;L;;
kloghed;KOG;S;L;1;USIKKER
klokkeknevl;HÅN;S;L;;
klokker;REL;S;L;1;
klokkespise;HÅN;S;L;;
klokkestund;TID;S;L;1;
kloster;REL;S;L;;
klov;FAU;S;L;;USIKKER
klov;HÅN;S;L;1;
klovert;SAM;S;L;;
klump;"SAM;RUM";S;L;;
klus;REL;S;L;;
klyne;"FLO;RUM";S;L;1;
klys;SØF;S;L;1;
klyver;SØF;S;L;;
klæbber;HÅN;S;L;;
kløft;"VER;HÅN";S;L;;
kløver;FLO;S;L;;
knabe;SAM;S;L;;
kneb;HAN;S;L;;
knebel;HÅN;S;L;;
knevel;"HÅN;SØF";S;L;;
knibe;"HÅN;FØL";S;L;;
knibtang;HÅN;S;L;1;USIKKER
knipling;HÅN;S;L;;
knippel;MIL;S;L;;
kniv;"HÅN;MIL";S;L;1;
knob;"SØF;HÅN";S;L;;
knoge;KRO;S;L;1;USIKKER
knogle;KRO;S;L;;
knokkel;KRO;S;L;1;
knop;"RUM;FLO";S;L;1;
knot;"HÅN;SAM";S;L;1;
knægt;SAM;S;L;;
knæk;HAN;S;L;;
knæler;SAM;S;L;1;
knæling;"SAM;HÅN";S;L;1;USIKKER
kobbel;SAM;S;L;;
kobber;"HÅN;SØF";S;L;1;
kobberrøg;HÅN;S;K;;
kode;FAU;S;L;;
koffardi;SØF;S;L;1;
kog;VER;S;L;1;
kogge;SØF;S;L;;
kogger;"MIL;SØF";S;L;;
kogler;SAM;S;L;;
kok;GAS;S;L;;
kol;"KRO;VER";S;L;1;
kolbe;"MIL;HÅN";S;L;;
koldskål;GAS;S;L;;
kommen;GAS;S;L;;
komst;HAN;S;L;;
kop;"HUS;KRO";S;L;;
korde;"HÅN;MUS";S;L;1;
korde;BEK;S;L;;
kordel;"HÅN;SØF";S;L;1;
korduan;HÅN;S;L;1;
korn;BES;S;L;;
kort;"SØF;SAM";S;L;1;
kortvil;HAN;S;L;;
kost;JUR;S;L;;
kost;GAS;S;L;;
kove;HUS;S;L;1;
kovs;HUS;S;L;;
kovsken;HUS;S;L;;
kraftkirke;REL;S;N;;
kragejolle;SØF;S;L;;
krakel;HAN;S;L;;
kram;SAM;S;L;;
krammeri;SAM;S;L;;
krampe;KRO;S;L;;
krampe;HÅN;S;L;;
kran;HÅN;S;L;;
krans;"FLO;HÅN";S;L;;
krave;"BEK;FAU";S;L;;
kravel;SØF;S;L;;
kreds;SAM;S;L;1;
krejert;SØF;S;L;;
kride;VER;S;L;1;
kridt;VER;S;L;;
krig;MIL;S;L;;
kristen;REL;S;L;1;
kro;SAM;S;L;;
kroer;SAM;S;L;;
kroerske;SAM;S;L;;
krofader;SAM;S;L;1;USIKKER
krone;BEK;S;L;;
krop;KRO;S;L;1;
krop;FAU;S;L;;
krud;FLO;S;L;;
krudt;MIL;S;L;;
krukke;HUS;S;L;;
krumholt;SØF;S;K;;
krumkage;GAS;S;L;;
krumme;GAS;S;L;;
krus;HUS;S;L;;
krusbær;FLO;S;L;;
kruse;BEK;S;L;;
krusemynte;FLO;S;L;;
krybbe;FAU;S;L;;
krydde;GAS;S;L;;
krydder;GAS;S;L;;
krydderbrød;GAS;S;L;1;USIKKER
krydderi;GAS;S;L;;
kryds;RUM;S;L;;
krydsurt;FLO;S;L;1;
kræft;KRO;S;L;;
kræft;MIL;S;L;;
kræge;FLO;S;L;;
kræmmer;SAM;S;L;;
kræmmerhus;HUS;S;L;1;USIKKER
kræmmeri;HAN;S;L;;
krøbel;KRO;S;L;1;
krøgle;RUM;S;L;;
krølle;"KRO;BEK";S;L;1;
krønike;SAM;S;L;;
krøs;HÅN;S;L;1;
kråse;FAU;S;L;;
kube;HÅN;S;L;;
kuf;SØF;S;L;1;
kulde;VER;S;L;1;
kule;"VER;SØF";S;K;;
kule;FAU;S;L;;
kulegraver;SAM;S;K;1;USIKKER
kuller;"FAU;KRO";S;L;;
kumme;HUS;S;L;;
kummer;FØL;S;L;;
kumpan;SAM;S;L;;
kundskab;"KOG;JUR";S;L;;
kundskaber;MIL;S;K;;
kunst;MUS;S;L;;
kunster;MUS;S;L;;
kur;HAN;S;L;;
kure;SAM;S;L;;
kure;HAN;S;L;1;
kuretårn;MIL;S;K;;
kurv;"HUS;HÅN";S;L;;
kuvert;"HUS;GAS";S;L;1;
kvabbe;"FAU;SØF";S;L;;USIKKER
kvalm;"VER;FØL";S;L;;
kvalster;KRO;S;L;;
kvansvis;HAN;S;L;;
kvant;SAM;S;L;;
kvarter;"RUM;KVA;TID";S;L;;
kvase;SØF;S;L;1;
kvast;HÅN;S;L;1;
kvater;KVA;S;L;;
kvikstjært;FAU;S;L;;
kviksølv;HÅN;S;K;;
kvint;MUS;S;L;;
kvint;KVA;S;L;;
kvintin;KVA;S;L;;
kvittebrev;BES;S;L;;
kvæde;FLO;S;L;;
kvæg;FAU;S;K;;
kyrbis;FLO;S;L;1;
kyssel;HUS;S;L;;
kæbe;KRO;S;L;;USIKKER
kæde;"HÅN;SAM";S;L;;
kælderhals;FLO;S;L;;
kæmler;SAM;S;L;;
kæmner;SAM;S;L;;
kæmpe;"MIL;KRO";S;L;;
kæmper;"MIL;KRO";S;L;1;
kætter;REL;S;L;;
købmand;SAM;S;L;;USIKKER
købmandskab;SAM;S;L;;
købslag;BES;S;L;;
købstad;SAM;S;L;1;
køgemester;SAM;S;L;;
køje;"FAU;HUS";S;L;;
køkerske;HUS;S;L;;
køkken;HUS;S;L;;
køkkenmester;HUS;S;L;;
kønrøg;HÅN;S;L;;
kørsener;HÅN;S;L;;
kørvel;FLO;S;L;;
køter;FAU;S;L;;
kå;FAU;S;L;1;
kådner;SAM;S;L;;
kårde;MIL;S;L;;
kås;SØF;S;L;;
lade;HAN;S;K;;
lade;HÅN;S;L;;
lage;GAS;S;L;;
lagen;HUS;S;L;;
lak;FØL;S;L;;
lakhed;HAN;S;L;;
lakrids;FLO;S;L;1;
laktuk;FLO;S;L;1;
lampe;HUS;S;L;;
landfaring;SAM;S;L;1;USIKKER
landløbere;SAM;S;L;;
landskab;"VER;SAM";S;K;;
landsåt;SAM;S;L;;
langhilde;TID;S;L;1;USIKKER
langvogn;HÅN;S;L;;
lapperi;HAN;S;L;;
las;BEK;S;L;;
last;SØF;S;L;;
lasttold;SØF;S;L;;
latte;"HÅN;SØF";S;L;;
lave;KOG;S;L;;
le;HÅN;S;L;;USIKKER
ledehund;FAU;S;K;;
leding;VER;S;L;;
ledsager;SAM;S;L;1;
legeme;KRO;S;L;1;
legenhed;KOG;S;L;;
lejd;HÅN;S;L;;
lejde;"SAM;JUR";S;L;;
lejdebrev;JUR;S;L;1;USIKKER
lejder;"SØF;HÅN";S;L;;
leje;VER;S;L;;
lejle;GAS;S;L;;
lejlighed;SAM;S;L;;
lejr;MIL;S;K;;
lektie;"SAM;REL";S;L;;
lemmike;FLO;S;L;1;
lempe;"HAN;JUR";S;L;;
len;SAM;S;L;;
lening;BES;S;L;;
lidkøb;HAN;S;L;;
ligedeler;SAM;S;K;;USIKKER
lignelse;"REL;KOG";S;K;;
ligtorn;KRO;S;L;1;
likker;SAM;S;L;1;USIKKER
limstang;FAU;S;L;1;
linned;HÅN;S;L;1;
lire;MUS;S;L;;
lirekasse;MUS;S;L;;
lispund;KVA;S;L;;
livgeding;BES;S;L;;
lo;HÅN;S;L;;
lod;"MIL;HÅN;SØF";S;L;;
lodsmand;SØF;S;L;;
los;FAU;S;L;;
lose;HAN;S;L;;
lov;GAS;S;L;1;USIKKER
love;FØL;S;L;;
loven;HAN;S;L;;
lubbe;FAU;S;L;1;
luder;MIL;S;L;1;
luft;VER;S;L;;
luge;SØF;S;L;;
lugt;SAN;S;L;;
lune;FØL;S;L;;
lunstikke;HÅN;S;N;;USIKKER
lunte;HÅN;S;L;;
lut;MUS;S;L;;
luv;SØF;S;L;;USIKKER
lygte;HUS;S;L;;
lykke;"REL;FØL";S;L;;
lykkehjul;FØL;S;K;;
lyksalighed;FØL;S;L;;
lyske;KRO;S;L;;
lædike;HUS;S;L;;
lægmand;"SAM;REL";S;L;1;
lægte;HÅN;S;L;;
længe;SØF;S;L;;
lære;"SAM;HÅN";S;L;;
løffel;"HÅN;FAU";S;L;;
løfte;JUR;S;L;;
løgner;SAM;S;L;1;
løjert;SAM;S;L;;
løsen;MIL;S;K;;
løsgængere;SAM;S;L;;USIKKER
maddike;FAU;S;K;;USIKKER
mag;FØL;S;L;;
magt;SAM;S;L;;
maledide;REL;S;L;1;
malle;FAU;S;L;;USIKKER
malle;HAN;S;L;;
man;FLO;S;L;1;USIKKER
mandel;FLO;S;L;;
mandskab;SAM;S;L;;
mandslag;JUR;S;L;;
mang;FAU;S;L;1;
manggods;HÅN;S;K;;
mangkorn;FLO;S;L;;
manglebræt;HUS;S;L;;USIKKER
mansat;FLO;S;L;;
manse;FAU;S;L;;
marekat;FAU;S;L;;
mareminde;REL;S;L;;
mark;BES;S;L;;
markgreve;SAM;S;L;;
marsk;VER;S;L;;
marskal;MIL;S;L;;
marstald;SAM;S;L;;
marter;HAN;S;L;;
marterpæl;SAM;S;N;;USIKKER
mase;"KRO;FLO";S;L;;
mask;FLO;S;L;;
maskepi;SAM;S;L;;
mast;SØF;S;L;;
mat;SØF;S;L;;
materie;KRO;S;L;;
matjessild;GAS;S;K;;
medbroder;SAM;S;K;;
medgift;BES;S;L;;
medister;GAS;S;K;;
medisterpølse;GAS;S;K;;
medlidenhed;FØL;S;K;;
mejer;SAM;S;L;;
mejerske;SAM;S;L;;
melding;SPR;S;L;1;
menig;SAM;S;L;1;
mening;KOG;S;L;1;
menneske;SAM;S;L;;USIKKER
messe;REL;S;L;;
messing;HÅN;S;L;;
mestepart;KVA;S;L;1;USIKKER
mester;SAM;S;L;;
mestermand;SAM;S;L;;
mesterskab;SAM;S;L;;
middel;"BES;SAM;RUM";S;L;;
midler;SAM;S;L;1;
midnat;TID;S;K;;
mile;HÅN;S;L;;
minde;JUR;S;K;;
mink;FAU;S;L;;
misdæder;JUR;S;L;;
mishag;FØL;S;L;;
missemav;FAU;S;L;1;
mitte;FAU;S;L;;USIKKER
mode;SAM;S;L;;
modefarve;HÅN;S;L;;USIKKER
moderløs;"FAU;FLO";S;L;1;USIKKER
mor;VER;S;K;;
morads;VER;S;L;;
morbær;FLO;S;L;;
morderi;HAN;S;L;;
morgen;KVA;S;L;;
morgendag;TID;S;K;;
morian;SAM;S;L;;
morrod;FLO;S;K;;
morsel;GAS;S;L;;
morter;HUS;S;L;;
mortér;MIL;S;L;;
mos;GAS;S;L;;
moskølle;SØF;S;K;;
most;GAS;S;L;;
mudder;VER;S;L;;
mug;VER;S;L;1;
muk;KRO;S;L;;
mumme;BEK;S;L;;
mundlæder;KRO;S;K;;USIKKER
mundskænk;SAM;S;K;;
munk;REL;S;L;;
murermester;HÅN;S;K;1;USIKKER
musling;FAU;S;L;;
mussel;FAU;S;L;;
mynster;REL;S;L;;
mynte;FLO;S;L;;
mysike;FLO;S;L;;
mytse;SØF;S;L;;
mytteri;"SØF;JUR";S;L;;
mæfikke;FAU;S;L;;
mægler;"JUR;HÅN";S;L;;
mælde;FLO;S;L;;
mælkemund;SAM;S;L;;
mærling;SØF;S;L;1;USIKKER
mærs;"SØF;HUS";S;L;;
mæsk;GAS;S;L;;
mæslinger;KRO;S;L;;USIKKER
mødrene;SLÆ;S;L;1;
møje;FØL;S;L;;
mølle;HÅN;S;L;;
møller;HÅN;S;L;;
mønje;HÅN;S;L;;
mønster;HÅN;S;L;;
mønsterplads;MIL;S;L;;
mønstring;"HAN;SØF;MIL";S;L;1;USIKKER
mønt;BES;S;L;;
mønter;HÅN;S;L;;
mørser;MIL;S;L;;
måde;"KVA;HAN";S;L;;
måltid;GAS;S;L;;USIKKER
måneså;FLO;S;L;;
måtte;HUS;S;L;;
naboerske;SAM;S;L;;
nagletog;HÅN;S;N;;USIKKER
nakke;KRO;S;L;;
nar;SAM;S;L;;
narv;"HÅN;KRO";S;L;;
natelrem;BEK;S;L;;
nathus;SØF;S;L;;USIKKER
natskade;FLO;S;L;;
nattergal;FAU;S;L;;
navleorm;KRO;S;L;;
negenøje;FAU;S;L;;
nellike;GAS;S;L;;
nest;FAU;S;L;;
nid;FØL;S;L;;
nobel;BES;S;L;;
nobiskro;REL;S;L;;
noppe;HÅN;S;K;;USIKKER
nyk;BEV;S;K;;USIKKER
nykke;KOG;S;L;;
nymære;KOG;S;L;1;USIKKER
nytte;HAN;S;K;;USIKKER
næb;FAU;S;L;;
næsedug;BEK;S;L;;
nødhjælper;SAM;S;K;;USIKKER
nødstald;SAM;S;K;;
nødtørft;HAN;S;L;;
nødværge;JUR;S;L;;
nåd;SØF;S;L;;
nådler;HÅN;S;K;;
offer;REL;S;L;;
offerpenge;REL;S;L;1;USIKKER
oldefader;SLÆ;S;L;;
oldemoder;SLÆ;S;L;;
oldentorre;FAU;S;L;1;
oldermand;SAM;S;L;;
oldfrue;HUS;S;L;1;USIKKER
oldgesel;HÅN;S;L;;
olie;"FLO;HÅN";S;L;;
oliebrødkage;GAS;S;L;1;
om;SLÆ;S;L;;
omstændighed;KOG;S;L;;
ophæver;"SAM;HÅN";S;K;;
opkomst;HAN;S;L;1;
opløb;"HAN;SØF;SAM";S;K;;
oprømmer;HÅN;S;K;;
oprør;"SAM;VER";S;K;;
opsat;"FLO;KOG";S;L;1;USIKKER
opsidder;SAM;S;L;1;USIKKER
opsigt;HAN;S;L;;
optog;"HAN;MIL";S;L;;
orden;"KOG;SAM";S;L;;
ordning;SAM;S;L;;
ore;FAU;S;L;;
organist;MUS;S;L;;
orgel;MUS;S;L;;
orgelist;MUS;S;L;;
orlog;"MIL;SØF";S;L;;
orlogger;SØF;S;L;;
orlov;JUR;S;L;;
ort;"VER;HÅN";S;L;;
ort;"BES;KVA";S;L;;
os;FLO;S;L;;
ost;"VER;SØF";S;L;;
overdåd;FØL;S;L;;
overdådighed;SAM;S;K;;
overfald;MIL;S;L;;
overflod;"KVA;VER";S;L;;
overhaling;SPR;S;K;;
overherre;SAM;S;L;1;
overhæng;HÅN;S;L;1;USIKKER
overhånd;HAN;S;K;;
overlast;HAN;S;L;1;USIKKER
overløb;BES;S;L;1;USIKKER
overmod;FØL;S;L;;
overskærer;"HÅN;MIL";S;L;;
overslag;"HAN;BES";S;K;;
ovnbrød;GAS;S;L;1;
ovrighed;SAM;S;L;;
padde;FAU;S;L;;
paddehat;FLO;S;L;1;
pagt;JUR;S;L;;
pak;BES;S;L;;
pakkenelliker;BES;S;K;;
palads;SAM;S;L;;
paladsgreve;SAM;S;L;;
pale;REL;S;L;;
paltsrok;BEK;S;L;;
pamper;MIL;S;L;;
pande;HUS;S;L;;
pander;MIL;S;L;1;
panel;HUS;S;L;;
panser;"BEK;MIL;HÅN";S;L;;
pant;JUR;S;L;;
pantoffel;BEK;S;L;;
pap;GAS;S;L;;
papegøje;FAU;S;L;;
papir;HÅN;S;L;;
par;KVA;S;L;;
paradiskorn;FLO;S;L;;
pardel;SAM;S;L;;
parder;FAU;S;L;;
parkem;BEK;S;L;;
parlament;SAM;S;L;;
part;"SAM;JUR";S;L;;
parti;"SAM;KVA;JUR";S;L;1;USIKKER
partisan;MIL;S;L;1;USIKKER
pas;"KVA;RUM";S;L;;
pas;"SAM;BEV";S;L;;
pasbord;JUR;S;L;;
pashamp;HÅN;S;L;;
passager;BEV;S;L;1;USIKKER
passion;"REL;FØL";S;L;1;USIKKER
passionerer;BEV;S;L;;
patine;BEK;S;L;;
patron;"HÅN;MIL";S;L;;
patrone;SAM;S;L;;
paulun;SAM;S;L;;
pave;REL;S;L;;
pavement;HUS;S;L;;
pavst;REL;S;L;;
pebling;SAM;S;N;;
pejs;HUS;S;L;;USIKKER
peklin;BEK;S;L;;
peld;BEK;S;L;;
pels;"FAU;BEK";S;L;;
pelser;HÅN;S;L;;
pelteri;HÅN;S;L;;
pene;JUR;S;L;;
penningebrev;JUR;S;L;;
penningebræde;BES;S;L;;
pens;BES;S;L;;
pensel;HÅN;S;L;;
pension;BES;S;L;;
pergament;HÅN;S;L;;
perikel;FØL;S;L;;
perk;SAM;S;L;;
perle;VER;S;L;;
perm;HÅN;S;L;;
perse;HÅN;S;L;;
persik;FLO;S;L;;
persil;RUM;S;L;;
persille;FLO;S;L;;
persone;SAM;S;L;;
pert;FAU;S;L;;
pert;SØF;S;L;;
pfalzgreve;SAM;S;L;;
pibe;"MUS;KVA;HÅN";S;L;;
pibekande;HUS;S;L;;
pibeovn;HUS;S;L;;
piber;"MUS;SØF;FAU";S;L;;
pik;MIL;S;L;1;
pikkelhering;GAS;S;L;;
pikkelhue;MIL;S;L;;
pikkeronne;SØF;S;L;1;
pil;MIL;S;L;;
pilar;"HÅN;GAS";S;L;;
pilkentavl;HUS;S;L;;
pille;HÅN;S;L;;
pille;KRO;S;L;;
pindsyl;HÅN;S;L;;
pinebænk;JUR;S;K;;
pinelighed;FØL;S;L;;
pings;REL;S;L;;
pinke;SØF;S;L;;
pinse;REL;S;L;;
pinsun;KVA;S;L;;
pint;KVA;S;L;;
pint;KRO;S;L;;
pip;KRO;S;L;;
piping;FLO;S;L;;
pirris;SAM;S;L;1;
pis;KRO;S;L;1;
pisel;HUS;S;L;;
pit;KRO;S;L;;
pitser;HUS;S;L;;
pitserring;BEK;S;L;;
pjalt;"BEK;FØL";S;L;;
plade;"RUM;HÅN";S;L;;
pladeslager;HÅN;S;L;;
plads;"SAM;VER";S;L;;
plage;FØL;S;L;;
plan;"HÅN;RUM;KOG";S;L;1;
planche;HÅN;S;L;;
planet;VER;S;L;1;
planke;HÅN;S;L;;
planse;HÅN;S;L;;
plante;FLO;S;L;;
plasning;TID;S;L;;
plaster;KRO;S;L;1;
platte;"RUM;HUS";S;L;;
plattenslager;"HÅN;SAM";S;L;;
plejl;HÅN;S;L;;USIKKER
pligt;"SAM;FØL";S;L;;
pligt;SØF;S;L;;
plogskat;SAM;S;L;;
pluds;MIL;S;L;;
plukgæld;BES;S;K;;USIKKER
plyg;HÅN;S;L;1;
plyndergreve;SØF;S;N;;
plæk;VER;S;L;;
pløk;HÅN;S;L;;
podagel;KRO;S;L;;
podagra;KRO;S;L;;
pode;FLO;S;L;;
poderis;FLO;S;L;;
pogge;FAU;S;L;;
pojte;GAS;S;L;;
pok;MIL;S;L;;
pokker;"KRO;REL";S;L;;
pol;FLO;S;L;;
polamit;BEK;S;L;;
poleje;FLO;S;L;;
poløxe;MIL;S;L;;
pometekens;BEK;S;L;;
pomissten;"VER;HÅN";S;L;;
popelsi;KRO;S;L;;
poppel;FLO;S;L;;
poppele;FLO;S;L;1;
porreløg;FLO;S;L;;
pors;"FLO;GAS";S;L;;
port;"SAM;HUS";S;L;;
porthus;SAM;S;L;;
portner;SAM;S;L;;
portugaløs;BES;S;L;;
positiv;MUS;S;L;;
possement;HAN;S;L;;
post;HÅN;S;L;;
post;FLO;S;L;;
posteg;GAS;S;L;;
postej;MIL;S;L;;
postelats;BES;S;L;;
pote;FAU;S;L;;
potte;"HÅN;FLO";S;L;;
potter;HÅN;S;L;;
potteskår;HÅN;S;K;;USIKKER
pragt;"HAN;BES;FØL";S;L;;
prakker;SAM;S;L;;
prakkerfoged;SAM;S;L;;
praktik;"SAM;HAN";S;L;1;
pral;HAN;S;L;;
pram;SØF;S;L;;
prampering;HAN;S;L;;
prang;HAN;S;L;;
prange;"HAN;BES;SAM";S;L;;
preg;HÅN;S;L;;
prent;HÅN;S;L;;
prenteri;HÅN;S;L;;
present;SAM;S;L;1;
prik;"HÅN;VER";S;L;;
primegæld;SØF;S;K;;USIKKER
prin;HÅN;S;L;;
pris;BES;S;L;;
pris;"HAN;BES;FØL";S;L;;
prison;JUR;S;L;;
proces;HAN;S;L;;
prop;HÅN;S;L;;
proviant;GAS;S;L;;
proviantbrød;GAS;S;L;;
provst;REL;S;L;;
provsti;REL;S;L;;
prunk;SAM;S;L;;
prys;VER;S;L;;
pryssing;GAS;S;L;;
prøve;"HAN;SAM";S;L;;
pudder;"VER;BEK;GAS";S;L;1;
pudderbysse;GAS;S;L;;
puds;HAN;S;L;;
pugge;FAU;S;L;1;
puk;HAN;S;L;;
pukkel;"VER;FAU;KRO";S;L;;
pukker;HÅN;S;L;;
pukkere;SAM;S;L;;
pukpyk;HAN;S;L;1;
puld;BEK;S;L;;
pulpet;HUS;S;L;1;USIKKER
puls;KRO;S;L;1;
puls;HÅN;S;L;;
pult;"HUS;HÅN";S;L;;
pulteri;SAM;S;L;;
pulver;HÅN;S;L;;
pumpe;"SØF;HÅN";S;L;;
pumpetugge;HÅN;S;L;1;
pundert;BES;S;L;1;
pundert;MIL;S;L;;
puppe;"HUS;FLO";S;L;;
pus;VER;S;L;;
puster;HÅN;S;L;;
put;VER;S;L;;
pykke;BEK;S;L;;
pynt;"HAN;BEK";S;L;;
pægl;KVA;S;L;;
pøker;SØF;S;L;;
pøl;VER;S;L;;
pølle;HUS;S;L;;
rabalder;HAN;S;L;;
rabus;HAN;S;L;;
rack;HUS;S;L;1;
rad;SAM;S;L;;
raft;"HÅN;FLO";S;L;1;
rage;HUS;S;L;;
rak;SAM;S;L;1;USIKKER
rakker;HÅN;S;L;;
rakkeri;"HAN;FØL";S;L;;
rakkerknægt;HÅN;S;L;;
rakkerkule;HÅN;S;L;;
ram;HAN;S;L;;
ramme;HÅN;S;L;;
rampe;KRO;S;L;;
rams;FLO;S;L;;
ranke;FLO;S;L;;
ransel;"BEK;SØF";S;L;;
ranson;BES;S;L;;
ranson;SØF;S;L;1;
ransoning;BES;S;L;;
raphøns;FLO;S;L;;
ras;VER;S;L;;
rask;HÅN;S;L;;
raskop;SAM;S;L;;
rasp;HÅN;S;L;;
rast;HAN;S;L;;
rat;SØF;S;L;;
re;"HAN;SAM";S;L;;
rebbenspær;GAS;S;L;;
rebe;HÅN;S;L;;
reberbane;HÅN;S;L;;
rebslager;HÅN;S;K;;
rebsmand;JUR;S;K;;
red;SØF;S;L;;
redding;HAN;S;L;1;
reder;SØF;S;L;;
redskab;HÅN;S;L;;
regd;SØF;S;L;1;
regel;"HUS;HÅN";S;L;;
regerer;SAM;S;L;;
regimente;SAM;S;K;;USIKKER
regnskab;BES;S;L;;
rejnfald;GAS;S;L;;
rejnfan;FLO;S;L;;
rejse;"HAN;BEV;MIL";S;L;;
rejsner;"SAM;MIL";S;L;;
rem;HÅN;S;L;;
rem;HÅN;S;L;1;
remmesnider;HÅN;S;L;;
remp;"KRO;BES";S;L;;
rende;"VER;SØF";S;L;;
rendebane;SAM;S;L;;
rendespil;HAN;S;L;;
rendesten;"SAM;SØF";S;L;;
rente;BES;S;L;;
rentemester;SAM;S;L;;
rentener;SAM;S;L;;
ret;GAS;S;K;;
ret;HAN;S;K;;
retfærdighed;"HAN;SAM";S;L;;
retgang;JUR;S;L;;
retning;"HAN;BEV";S;K;;USIKKER
retter;JUR;S;K;;USIKKER
retterbænk;"GAS;JUR";S;K;;
retterdag;JUR;S;K;;USIKKER
rettergang;JUR;S;K;;
rettesnor;"HÅN;SAM";S;L;1;USIKKER
rettesværd;JUR;S;K;;USIKKER
rettighed;"JUR;BES";S;K;;
revir;"VER;SØF";S;L;;
ribalde;SAM;S;L;;
ribbe;"KRO;HÅN";S;L;;
ribbe;HÅN;S;L;;
ridder;"SAM;MIL";S;L;;
ridderskab;"HAN;SAM;MIL";S;L;;USIKKER
riddersmand;"SAM;MIL";S;K;;USIKKER
ridelagen;HUS;S;L;;
rigel;"HÅN;HUS";S;L;1;
rim;SPR;S;L;;
rind;GAS;S;L;;
rindsel;BEK;S;L;1;USIKKER
ringeldue;FAU;S;L;;
ris;"FLO;HÅN";S;L;;
ris;FLO;S;L;;
ris;KVA;S;L;;
risp;HÅN;S;L;1;
rist;"GAS;HUS";S;K;;USIKKER
rist;FAU;S;L;;
ritmester;MIL;S;L;;
rode;"SAM;MIL";S;L;;
rode;"BES;KVA";S;L;;
rodemester;"SAM;MIL";S;L;;
rodset;BEK;S;L;;
roe;FLO;S;L;;
roe;KRO;S;L;1;USIKKER
rok;HÅN;S;L;;
rok;BEK;S;L;;
rokke;FAU;S;L;;
rokkel;FAU;S;L;;
roland;SAM;S;L;;
romer;VER;S;L;;
ror;"SØF;HÅN";S;L;;
ros;FAU;S;L;;
rosbåre;BEV;S;L;;
rose;FLO;S;L;1;USIKKER
rosennobel;BES;S;L;;
rosin;GAS;S;L;;
rost;HAN;S;L;;
rotlask;HÅN;S;L;;
rotsten;HÅN;S;L;;
rotte;FAU;S;L;;
rottekrudt;FAU;S;L;;
rotværk;BEK;S;L;;
rov;"HAN;BES";S;L;;
rubank;HÅN;S;L;1;
rud;HÅN;S;L;;
rude;"RUM;HUS";S;L;;
rude;FLO;S;L;;
ruelse;FØL;S;L;;
ruf;"SØF;HÅN";S;L;;
ruffer;SAM;S;L;;
rufferi;HAN;S;L;;
rufferske;SAM;S;L;;
rug;FLO;S;L;;USIKKER
rugfoder;FAU;S;K;;USIKKER
rughugger;HÅN;S;L;;
ruldug;HUS;S;L;;
rulle;"HÅN;SAM";S;L;;
rumeni;GAS;S;L;;
rummeldøs;GAS;S;L;;
rumor;HAN;S;L;;
rumpe;KRO;S;L;;USIKKER
runddel;RUM;S;L;;
rundholt;SØF;S;L;;USIKKER
ruse;FAU;S;L;;
russer;VER;S;L;;
rust;HAN;S;L;;
rustmester;MIL;S;L;;
rygfoer;HÅN;S;K;;
rygkræft;KRO;S;L;;USIKKER
rygte;"SPR;FØL";S;L;;
rylagen;HUS;S;L;;
rympling;FAU;S;L;1;
ryting;MIL;S;L;;
rytter;MIL;S;L;;
rytteri;MIL;S;L;;
ræddike;FLO;S;L;;
ræk;HUS;S;L;;
rækel;"FAU;SAM";S;L;;
række;"HUS;HÅN";S;K;;
rækkebænk;JUR;S;K;;USIKKER
ræling;SØF;S;L;1;
rødbrissel;FLO;S;L;;
rødgyder;HÅN;S;L;;
rødskær;FLO;S;K;;USIKKER
rødsten;"VER;HÅN";S;L;1;
røffel;SPR;S;L;1;
røjer;SØF;S;L;;
røllike;FLO;S;L;;
rør;MIL;S;K;;
rørdrum;FAU;S;L;;
røre;"HAN;BEV";S;L;1;USIKKER
røst;MIL;S;L;;
røstmester;MIL;S;L;1;
røver;SAM;S;L;;USIKKER
rådhus;SAM;S;K;;
rådne;VER;S;L;;
rådsfrue;SAM;S;L;1;USIKKER
rådslag;"KOG;SAM;SPR";S;L;;USIKKER
rådstol;SAM;S;K;;
råge;FAU;S;L;1;
sabel;FAU;S;L;;
sadde;VER;S;L;1;
sadden;BEK;S;L;;
sade;FØL;S;L;;
sadelfad;HUS;S;L;;
sadelmager;HÅN;S;L;;
sagthed;HAN;S;L;;
sagtighed;HAN;S;L;;
sagtmod;FØL;S;L;;
sagvolder;JUR;S;L;1;USIKKER
salighed;REL;S;L;;
sallun;HUS;S;L;;
salse;GAS;S;L;;
salsirken;HUS;S;L;;
saltsole;VER;S;K;1;
salve;KRO;S;L;;
salving;REL;S;L;;
samarie;"BEK;REL";S;L;;
samkøb;BES;S;L;;
samvittighed;KOG;S;L;;
sandart;FAU;S;L;;
sanddune;VER;S;L;;
sangmester;MUS;S;K;;USIKKER
sap;VER;S;L;;
sardug;BEK;S;L;;
sargiant;MIL;S;L;;
sasse;VER;S;L;;
sav;HÅN;S;K;;USIKKER
savblok;HÅN;S;L;;
savdæle;HÅN;S;L;;
save;KRO;S;L;;
schartek;SAM;S;L;;
schout;SAM;S;L;1;
seddel;"BES;SAM";S;L;;
sedfer;FLO;S;L;;
segl;FLO;S;L;;
segl;"SAM;JUR";S;L;;
seglatie;SØF;S;L;;
seglsten;SØF;S;L;;
sejdenskib;SØF;S;L;;
sejdespil;MUS;S;L;;
sejer;TID;S;L;;
sejerstund;TID;S;L;;
sejerværk;HÅN;S;L;;
sejlads;SØF;S;L;;
sejlgarn;SØF;S;L;;
sejser;HÅN;S;K;;USIKKER
sekkering;HAN;S;L;;
selle;"SAM;HÅN";S;L;;
selskab;SAM;S;L;;
semand;SLÆ;S;L;;
sengenætter;SLÆ;S;K;;USIKKER
serpentine;"MIL;VER;HUS";S;K;;USIKKER
setteni;HÅN;S;L;;
sevenbom;FLO;S;L;;
si;HUS;S;L;1;USIKKER
sideldort;HÅN;S;L;;
siden;HÅN;S;L;;
sig;"VER;KVA";S;L;1;USIKKER
sigel;FLO;S;L;1;
sigel;HUS;S;L;1;
signet;HUS;S;L;1;
sigte;SØF;S;L;;
sikkerhed;"FØL;HAN";S;L;;
sikling;HÅN;S;L;1;
sikring;HAN;S;L;;
sil;VER;S;L;;
silkestikker;HÅN;S;L;1;
simle;GAS;S;L;;USIKKER
simpelhed;HAN;S;L;;
sind;"FØL;KOG";S;L;;
sindal;HÅN;S;L;;
sindighed;KOG;S;L;;
singel;VER;S;L;;
singrøn;FLO;S;L;;
sinkadusen;FØL;S;L;;
sinke;KVA;S;L;;
sir;BEK;S;L;;
sirat;BEK;S;L;;
siring;BEK;S;L;;
sise;FAU;S;L;;
sisebod;SAM;S;L;;USIKKER
sisik;FAU;S;L;;
sjughed;KRO;S;L;;
sjunk;VER;S;L;;
sjæl;"KRO;FØL;KOG";S;L;;
sjælebad;REL;S;L;;
sjæledag;REL;S;L;;
sjælegave;REL;S;L;;
skab;FAU;S;L;;
skab;HUS;S;L;;
skabelon;"KOG;HÅN";S;L;;
skaffer;SAM;S;L;;
skaffom;FLO;S;L;;
skak;HUS;S;L;;
skakkeret;RUM;S;L;1;
skaktavl;HUS;S;L;;
skal;FAU;S;K;;
skalk;SAM;S;L;;
skalk;"GAS;HÅN";;K;;
skalkefund;HAN;S;L;;
skalkhed;HAN;S;L;;
skalle;KRO;S;L;1;
skalmeje;MUS;S;L;;
skamfæring;HAN;S;L;;
skamme;KRO;S;L;1;
skammel;"HUS;HÅN";S;L;;
skamper;SAM;S;L;;
skand;FØL;S;L;;
skandsten;JUR;S;L;;
skanse;"MIL;SØF";S;L;;
skanse;HAN;S;L;;
skar;BEK;S;L;;USIKKER
skare;SAM;S;L;1;
skarlagen;"BEK;HÅN";S;L;;
skarn;SAM;S;L;1;
skarntyde;FLO;S;N;;
skarpe;"HÅN;HAN";S;L;;
skarperigter;JUR;S;L;;
skarpmese;MIL;S;L;;
skarpretter;JUR;S;K;;
skartek;SAM;S;L;;
skarvagt;MIL;S;L;;
skat;"BES;SAM";S;L;1;
skavank;KRO;S;L;;
sked;KRO;S;L;1;
skede;SAM;S;L;;
skedning;HAN;S;L;;
skedsherre;JUR;S;L;;
skedsmand;JUR;S;L;;
skel;"SAM;KOG";S;L;1;USIKKER
skemp;FØL;S;L;;
skene;HÅN;S;L;;
skenkel;KRO;S;L;;
skerpentine;MIL;S;L;;
skever;VER;S;L;;
skeversten;VER;S;L;;
skibbrud;SØF;S;L;1;
skibmand;SØF;S;L;1;
skibsrustning;SØF;S;L;;
skidehus;HUS;S;K;;
skider;SAM;S;K;;
skidt;"KRO;FØL";S;L;;
skifer;VER;S;L;;
skik;"KOG;FØL";S;L;;
skikkelse;"KRO;SAM";S;K;;
skikking;SAM;S;L;;
skildpadde;FAU;S;L;;
skildvagt;MIL;S;L;;
skilling;BES;S;L;;
skilt;"MIL;SAM";S;L;;
skimling;FAU;S;L;;
skimmel;FAU;S;L;;
skimring;TID;S;L;;
skinder;HÅN;S;K;;
skinderi;HAN;S;L;;
skink;GAS;S;L;;
skinke;GAS;S;L;;
skinne;"KRO;HÅN";S;L;;
skinneben;KRO;S;L;;USIKKER
skipper;SØF;S;L;;
skippund;KVA;S;L;;
skirrit;FLO;S;L;;
skive;"GAS;HÅN;SØF;HUS";S;L;;
skjold;MIL;S;L;1;
skjorte;BEK;S;L;1;
skjud;MIL;S;L;;USIKKER
skobod;HÅN;S;L;;
skodde;HUS;S;L;1;USIKKER
skok;KVA;S;L;1;USIKKER
skokketal;KVA;S;L;;
skolapper;HÅN;S;L;;
skole;SAM;S;L;;
skomager;HÅN;S;L;;
skonfarsejl;SØF;S;L;1;
skonrog;"GAS;SØF";S;L;;
skorsten;HÅN;S;L;;
skot;BES;S;L;;
skovl;HÅN;S;L;;
skovr;HUS;S;L;;
skrabe;"KRO;HÅN";S;L;;USIKKER
skrage;"HUS;HÅN";S;L;1;
skramme;"KRO;BEK";S;L;;
skrange;SAM;S;L;;
skrank;HUS;S;L;;USIKKER
skrankværk;HUS;S;L;;
skrave;"HUS;HÅN";S;L;;
skridt;"KRO;BEV";S;L;;
skrift;"HAN;SPR;SAM";S;L;;
skrin;HUS;S;L;;
skrinmagere;HÅN;S;L;;
skrivén;SØF;S;L;;
skrivereskole;SAM;S;L;;
skrivetyg;HUS;S;L;;
skrodvægt;HÅN;S;L;;
skrolle;KRO;S;L;;
skrot;"HÅN;MIL";S;L;;
skrue;HÅN;S;L;;
skrump;KRO;S;L;;
skrædder;HÅN;S;L;;
skræv;HÅN;S;L;;
skrå;"HÅN;MIL";S;L;;
skråtobak;GAS;S;L;1;
skubkarre;BEV;S;L;;
skude;SØF;S;L;;USIKKER
skuestage;SØF;S;L;;
skuffe;HUS;S;L;;
skuffe;HÅN;S;L;;
skuffel;"HUS;FAU";S;L;;
skulde;FAU;S;L;;
skulder;KRO;S;L;;
skuller;FAU;S;L;1;
skultus;SAM;S;L;;
skumring;"TID;HÅN";S;L;;
skur;HUS;S;L;;USIKKER
skurramme;HÅN;S;L;;
skutilsvend;GAS;S;L;1;
skuttel;HUS;S;L;;
sky;FØL;S;L;;
skylding;JUR;S;L;;
skyldner;BES;S;L;;
skyr;BEK;S;L;;
skyt;SAM;S;L;;
skyt;MIL;S;L;;
skytfærd;MIL;S;L;;
skyts;MIL;S;L;;
skytte;MIL;S;L;;
skytte;HÅN;S;K;;USIKKER
skyttevold;MIL;S;L;;
skæft;SAM;S;L;;
skæker;JUR;S;L;;
skæl;"SØF;FAU";S;L;1;
skældensord;SPR;S;L;;
skælding;SPR;S;L;;
skældsbrev;SAM;S;L;;
skældsord;SPR;S;L;;
skælm;SAM;S;L;;
skælmer;SAM;S;L;;
skænder;SAM;S;L;;
skænk;SAM;S;L;;
skænk;"HAN;HUS";;L;;
skænkeskive;HUS;S;L;;
skænkeøl;GAS;S;K;;
skæpperi;FAU;S;L;;
skærbrækker;MIL;S;L;;
skærbækken;BEK;S;L;;
skærdug;HUS;S;L;;
skærm;MIL;S;L;;
skærmbræt;HUS;S;L;;
skærmere;MIL;S;L;;
skærmeslag;MIL;S;L;;
skærmydsel;"MIL;HAN";S;L;;
skærv;"BES;HAN";S;L;;
skæve;HÅN;S;L;;
skæver;KRO;S;L;;
skævl;SAM;S;K;;USIKKER
skøge;SAM;S;L;;
skørbug;KRO;S;L;;
skøre;"HÅN;SØF";S;L;;
skørt;BEK;S;L;;
skørtedug;BEK;S;L;;
skår;HAN;S;L;1;USIKKER
slabberas;"VER;SAM";S;L;1;
slagbro;SAM;S;L;;
slagge;HÅN;S;L;1;USIKKER
slagregn;VER;S;K;;
slagside;FAU;S;K;;USIKKER
slagskat;BES;S;K;;
slagt;MIL;S;L;;
slagt;HAN;S;L;;
slagtemåned;TID;S;L;;USIKKER
slagter;HÅN;S;L;;
slagtning;HAN;S;L;;
slagvindue;HUS;S;K;;
slange;FAU;S;L;;
slat;"GAS;KVA";S;L;;
slatte;HUS;S;L;;
slemhed;FØL;S;L;;
slemmere;SAM;S;L;;USIKKER
slev;HUS;S;L;;
sli;FAU;S;L;;
slib;"HAN;HÅN";S;L;;USIKKER
slid;HAN;S;L;1;
slink;HÅN;S;L;;
slopsæk;SAM;S;L;;
slot;"MIL;SAM";S;L;;
slotsherre;SAM;S;L;;
slotslov;JUR;S;L;;
slu;"VER;HÅN";S;L;;USIKKER
sluffe;BEV;S;L;;
slug;HAN;S;K;;
slugop;SAM;S;L;;
slump;"HAN;KVA";S;L;;
sluse;SAM;S;L;;
slut;"HAN;TID";S;L;;
slutter;JUR;S;L;;
slyde;"MIL;HÅN";S;L;;USIKKER
slynge;MIL;S;L;1;
slyngel;SAM;S;L;;
slæb;"HAN;SØF;BEK";S;L;;
slæde;BEV;S;L;;USIKKER
slægt;"SLÆ;KRO";S;L;;
sløjer;BEK;S;L;1;
slør;BEK;S;L;;
slå;HUS;S;K;;
smag;"GAS;SAN";S;L;;
smak;FLO;S;L;;
smide;BEK;S;L;;USIKKER
smide;SØF;S;L;;
smigere;SAM;S;L;;
smigeri;"HAN;SPR";S;L;;
smitte;"KRO;BEK";S;L;;
smolt;GAS;S;L;;
smæ;SPR;S;L;;
smækfilleke;SAM;S;L;1;USIKKER
smælighed;SPR;S;L;;
smærte;"FØL;KRO;SAN";S;L;;
smøg;VER;S;L;;
smør;GAS;S;L;1;
småhed;"KVA;FØL";S;L;;
snak;SPR;S;L;;
snaphane;MIL;S;L;;
snare;"HÅN;MIL";S;L;;
snarkere;SAM;S;L;;
snaskeri;GAS;S;L;;
sne;VER;S;L;1;
snedker;HÅN;S;L;;
snegl;FAU;S;L;;
snekke;SØF;S;L;;
sneppe;FAU;S;L;;
snes;KVA;S;L;1;USIKKER
snor;HÅN;S;L;;
snorker;SAM;S;L;;
snot;KRO;S;L;;
snu;"HAN;KVA;KOG";S;L;;
snude;FAU;S;L;;
snue;KRO;S;L;;
snæbel;FAU;S;L;;USIKKER
sobel;FAU;S;L;;
sobøder;FAU;S;L;;
sod;VER;S;L;1;
sodbrænden;KRO;S;L;1;
sode;VER;S;L;1;
sok;BEK;S;L;1;
sold;BES;S;L;;
soldat;MIL;S;L;;USIKKER
solding;BES;S;L;;
soldner;MIL;S;L;;
sole;GAS;S;L;;
solvirrel;VER;S;L;;
som;KVA;S;L;;
sommerfugl;FAU;S;K;;
sone;"SAM;JUR";S;L;;
sopken;"HAN;GAS";S;L;;USIKKER
sotidsel;FLO;S;L;;
spage;"SØF;GAS";S;L;;
span;BEK;S;L;;
spand;HUS;S;L;;
spand;"FAU;HAN";S;L;;USIKKER
spandemager;HÅN;S;L;;
spandrem;HÅN;S;L;;
spang;"HÅN;BEK";S;L;1;
spanskgrønt;"HÅN;FLO";S;L;;
spareribs;GAS;S;L;1;
sparkalk;HÅN;S;L;;
sparlagen;HUS;S;L;;
spat;FAU;S;L;;
spe;"HAN;FØL";S;L;;
speceri;GAS;S;L;;
sped;KVA;S;L;;
spefugl;SAM;S;L;;
spejder;MIL;S;L;;
spejl;HUS;S;L;;
spelt;FLO;S;L;;
spelt;FAU;S;L;;
spene;"KRO;FAU";S;L;;USIKKER
spid;"GAS;HÅN;MIL";S;L;;
spids;RUM;S;L;;
spids;MIL;S;L;;
spidseri;GAS;S;L;;
spidshat;"BEK;FLO";S;K;;
spiger;HÅN;S;L;;
spikenard;FLO;S;L;1;
spil;"BEV;HAN;SAM";S;L;;
spil;"HÅN;SØF";S;L;;
spilfægtning;HAN;S;L;;
spilhus;SAM;S;L;;
spillefugl;"FAU;SAM";S;K;;USIKKER
spiller;"SAM;MUS";S;L;;
spilleside;SAM;S;L;;
spilling;FLO;S;L;;
spindeside;SLÆ;S;K;;
spinkel;VER;S;L;;
spir;"HÅN;SAM;SØF";S;L;1;
spire;FLO;S;L;1;
spise;GAS;S;L;;
spiser;HUS;S;L;1;USIKKER
splid;SAM;S;L;;
splint;VER;S;L;1;USIKKER
split;"RUM;VER";S;L;;
spog;"REL;SAM";S;L;;
spole;HÅN;S;L;1;USIKKER
spolorm;FAU;S;L;;
spord;GAS;S;L;;
spore;MIL;S;L;1;
sprekker;SAM;S;L;;
spring;VER;S;K;;
springhorn;FLO;S;L;;
springkorn;FLO;S;L;;
sprinkel;HÅN;S;L;;USIKKER
sprinkel;KRO;S;L;;
sprinkler;KRO;S;L;;
sprog;SPR;S;L;;
sprok;FLO;S;L;;
sprot;GAS;S;L;;
sprung;"HAN;HÅN";S;L;;
sprutning;FLO;S;L;;
sprutte;"HUS;FAU;GAS";S;L;;
spryd;SØF;S;L;;
spryd;SØF;S;L;;
sprydstagsejl;SØF;S;N;;USIKKER
språde;FLO;S;L;1;USIKKER
spund;"HÅN;GAS";S;L;;
spy;"KRO;HAN";S;L;1;
spyd;MIL;S;L;1;
spydstage;MIL;S;K;;
spæk;"FAU;HÅN";S;L;;
spækhøker;SAM;S;L;;
spær;MIL;S;L;;
spær;HÅN;S;L;;
spærhage;HÅN;S;L;;
spærvogn;BEV;S;L;;
spøgeri;HAN;S;L;;
spøl;"HUS;GAS";S;L;;
stabel;"RUM;HÅN;BES";S;K;;
stabelafløbning;SØF;S;N;;USIKKER
stabelgods;BES;S;K;;USIKKER
stad;"VER;SAM";S;K;;
stade;"SAM;HAN;HUS";S;L;1;
stads;"HAN;BEK;FØL";S;L;1;
stag;SØF;S;L;1;
stakit;"MIL;HUS";S;L;;
stal;FAU;S;L;;
stalbroder;SLÆ;S;L;;
stald;FAU;S;L;1;
stalding;HAN;S;L;;
staldmester;HUS;S;L;;
staler;SAM;S;L;;
stalmester;SAM;S;L;;
stamme;FLO;S;L;;
stammet;BEK;S;L;;
stampe;HÅN;S;L;;
stampe;"HAN;FØL";S;L;;
standart;MIL;S;L;1;USIKKER
stands;HAN;S;L;;
stangkrejer;SØF;S;L;;
stank;SAN;S;L;;
stat;SAM;S;L;;
statholder;SAM;S;L;;
stavn;"JUR;VER";S;L;;USIKKER
steg;SAM;S;L;;
steg;HÅN;S;L;;USIKKER
stejle;FAU;S;L;1;USIKKER
stekemes;MIL;S;L;;
stel;HÅN;S;L;;
stelle;HÅN;S;L;;
stemme;SPR;S;L;;
stemp;HÅN;S;L;;
stempel;HÅN;S;L;;
stenbider;FAU;S;L;;USIKKER
stenbikke;FLO;S;L;1;USIKKER
stenbikker;FAU;S;L;1;USIKKER
stenbræk;FLO;S;L;;
stenbuk;FAU;S;L;;USIKKER
stenbøsse;MIL;S;L;;
stenhus;HUS;S;L;;
stenlim;HÅN;S;L;;
stenmarv;VER;S;K;;
stenpikkere;HÅN;S;K;;
stensluffe;BEV;S;L;;
stenugle;FAU;S;K;;
sterredros;KRO;S;L;;
stervbo;SAM;S;N;;
stevel;BEK;S;L;1;
stever;FAU;S;L;;
stift;HÅN;S;L;;
stift;REL;S;L;;
stig;KVA;S;L;;USIKKER
stigt;"JUR;REL";S;L;;
stihage;HÅN;S;L;;
stik;HAN;S;L;;
stikketøg;MIL;S;L;;
stikpenge;BES;S;L;;
stikpille;KRO;S;L;;
stillids;FAU;S;L;;
stillighed;VER;S;L;;
stilling;HAN;S;L;;
stilling;HAN;S;L;;
stim;"HAN;KVA";S;L;;USIKKER
stint;FAU;S;L;;USIKKER
stivelse;"GAS;SAN";S;L;;
stjernekiger;HAN;S;K;;USIKKER
stjerneskud;VER;S;L;;
stob;"HUS;KVA";S;L;;
stok;BES;S;L;1;
stokfisk;FAU;S;K;;USIKKER
stokhus;JUR;S;L;;USIKKER
stokkeknægt;JUR;S;L;;USIKKER
stokmester;JUR;S;L;;USIKKER
stolbroder;"SAM;HÅN";S;K;;USIKKER
stolgang;HAN;S;K;;USIKKER
stolpe;HÅN;S;L;;
stolthed;FØL;S;L;;
stormhage;MIL;S;L;;
straf;JUR;S;L;;
stratenrøver;SAM;S;L;;
streg;"VER;RUM";S;L;1;
stregmål;HÅN;S;L;;
stretsko;BEK;S;L;;
stribe;"VER;RUM";S;L;;
strid;"HAN;MIL";S;L;1;USIKKER
strig;RUM;S;K;;
strikke;HÅN;S;L;;
strikmur;MIL;S;L;;
strikværn;MIL;S;L;;
strime;"VER;KRO";S;L;;USIKKER
strimmel;"KRO;BEK;HÅN";S;L;;
strip;HUS;S;L;;
strippe;BEK;S;L;;
struds;FAU;S;L;;
strudse;SØF;S;L;;
strukrøver;SAM;S;L;;
strunk;FLO;S;L;;
strunt;"HAN;FAU";S;L;;
stræde;"SAM;SØF";S;L;;
strækkeben;REL;S;L;;
strømling;FAU;S;L;;
strømpe;BEK;S;L;;
stråle;"VER;RUM";S;L;;
studium;SAM;S;L;1;
stukke;BEK;S;L;;
stump;FLO;S;L;;
stund;TID;S;L;1;
stundeglas;HUS;S;L;;
stuve;"KVA;SAM";S;L;1;USIKKER
stykke;"RUM;KVA";S;L;1;
stylp;HUS;S;L;;
stymper;SAM;S;L;;
styr;BES;S;L;;
styr;"SAM;HAN;SØF";S;L;;
styrbord;SØF;S;L;1;USIKKER
styrmand;"SØF;BEV";S;L;1;USIKKER
styrring;KOG;S;L;;
styrte;BEV;S;L;;
styrvolt;SAM;S;L;;
styver;BES;S;L;;
stæmpe;HÅN;S;L;;
stær;KRO;S;L;;
stævne;"JUR;SAM";S;K;;USIKKER
stød;"HAN;FØL;TID";S;K;;USIKKER
støder;BES;S;L;;
støder;FAU;S;L;;
støjt;BEV;S;L;;
støtte;"HÅN;BES";S;L;;
støv;"VER;FLO";S;L;;
støveken;KVA;S;L;;
støvle;BEK;S;L;;
støvmel;GAS;S;L;;
støvning;HAN;S;L;;
suben;GAS;S;L;;
suben;BEK;S;L;;
sudler;"MIL;SAM";S;L;;
sukker;GAS;S;L;;
sum;"KVA;BES";S;L;1;USIKKER
sump;VER;S;L;;
sund;KRO;S;L;;
sundhed;KRO;S;L;;
suppe;GAS;S;L;;
suput;SLÆ;S;L;;
suring;FAU;S;L;;
surseende;"HAN;FØL";S;L;;
sus;"VER;BEV";S;L;;USIKKER
svalm;"VER;KVA";S;L;;USIKKER
svans;"BEK;FAU";S;L;;
svaring;VER;S;L;;
svend;SAM;S;L;1;
svenk;HAN;S;L;;
svibbue;HÅN;S;L;;
svibel;FLO;S;L;;USIKKER
svigerske;SLÆ;S;L;;
svimelse;KRO;S;L;;USIKKER
svimeslag;HAN;S;L;;
svindighed;KOG;S;L;;
svinedrift;JUR;S;K;;
svinepenninge;BES;S;K;;USIKKER
svoger;SLÆ;S;L;;
svovl;VER;S;L;;
svulst;KRO;S;L;;
svælg;KRO;S;L;;USIKKER
svær;KRO;S;L;;
sværdfeger;HÅN;S;L;;
sværdside;SLÆ;S;K;;USIKKER
sværke;VER;S;L;;
sværm;REL;S;L;1;USIKKER
sværte;HÅN;S;L;;
syden;VER;S;L;;
syl;HÅN;S;L;;USIKKER
syldøkse;HÅN;S;L;;USIKKER
sylle;HÅN;S;L;;
sylt;VER;S;L;;
sylte;GAS;S;L;;
synav;FLO;S;L;;
synest;FØL;S;L;;USIKKER
sæbe;BEK;S;L;;
sæde;"HUS;SAM";S;L;;USIKKER
sæk;SAM;S;K;;
sækkedragere;SAM;S;L;;
sækkertal;KVA;S;L;;
sælhund;FAU;S;L;;
sætning;SAM;S;L;;
sættenagle;HÅN;S;L;;
søgere;HÅN;S;L;;
søjle;HÅN;S;L;1;USIKKER
sølverglød;HÅN;S;L;;
sølvpop;"SAM;REL";S;N;;
sølvskum;HÅN;S;K;;USIKKER
sømmere;FAU;S;L;;
søpig;"BEK;SØF";S;L;;
søsling;BES;S;L;;
søsterskap;"SLÆ;SAM";S;L;;
søværts;SØF;S;L;;
sål;"KRO;HÅN";S;L;;
tabelet;HUS;S;L;;
tabin;BEK;S;L;;
tablatur;SAM;S;L;;
taffel;GAS;S;L;;
taffelsmide;HUS;S;L;;
taft;HÅN;S;L;;
tagl;HÅN;S;L;;
tak;RUM;S;L;;
takkel;SØF;S;L;;
talg;GAS;S;L;;
tallerken;HUS;S;L;;
talsmand;"SAM;JUR";S;L;1;
tang;FLO;S;L;1;
tange;HÅN;S;L;;USIKKER
tanke;KOG;S;L;;USIKKER
tankebog;HUS;S;L;;
tankebrev;HUS;S;L;;
tant;"HUS;HAN;SPR;FØL";S;L;;
tapet;HUS;S;L;;
tappegæld;BES;S;L;;
tarse;MIL;S;L;;USIKKER
tarter;VER;S;L;;
taske;BEK;S;L;;
taskemager;HÅN;S;L;;
tavl;FAU;S;L;;
teglslagere;HÅN;S;L;;
teglsten;HÅN;S;L;;
telbøsse;MIL;S;L;;
telhage;MIL;S;L;;
telt;SAM;S;L;;
tempel;REL;S;L;;USIKKER
tenværk;HÅN;S;L;;
terighed;FØL;S;L;;
terne;HUS;S;L;;
terning;HUS;S;L;;
test;HÅN;S;L;;USIKKER
tidepenge;BES;S;K;;
tiding;SPR;S;L;;
tidkorting;HAN;S;L;;
tidløs;FLO;S;K;;
tidsfordriv;HAN;S;L;;
tilbehør;HUS;S;L;;USIKKER
tilbehøring;HUS;S;K;;
tilbringere;SAM;S;L;;
tilflåd;VER;S;L;1;
tilforsigt;KOG;S;K;;
tilfælde;HAN;S;K;;
tilfør;HAN;S;K;;
tilgift;BES;S;K;;
tilhold;HAN;S;K;1;
tilhænger;SAM;S;K;;
tilkomst;HAN;S;K;;
tillag;HÅN;S;K;;
tilslager;HÅN;S;K;;
tims;BES;S;L;;
tin;VER;S;L;1;USIKKER
tind;"HÅN;FLO";S;L;1;USIKKER
tinde;HÅN;S;K;;USIKKER
tine;HUS;S;L;;
tingbog;SAM;S;K;;
tingbænk;SAM;S;K;;
tingest;SAM;S;K;;
tinghøring;SAM;S;K;;
tingmand;SAM;S;K;1;
tingstok;"SAM;JUR";S;K;;
tingtid;TID;S;K;;
tip;RUM;S;L;;
tirumtej;BEK;S;L;;
titling;GAS;S;L;1;
tjuvestok;MIL;S;K;;
tobis;FAU;S;L;;
tog;JUR;S;L;;
tog;BEV;S;L;;
togbrigge;SAM;S;L;;
togsmand;JUR;S;L;;
tolast;GAS;S;L;;
told;SØF;S;L;;
told;HÅN;S;L;;
tolder;BES;S;L;;
tolk;SPR;S;L;;
tolv;VER;S;L;;
tom;KVA;S;L;;
tornej;MIL;S;L;;USIKKER
tornirisk;FAU;S;N;;USIKKER
toslagere;HÅN;S;L;;
tost;GAS;S;L;;
tov;HÅN;S;L;;
tove;HUS;S;L;;
tragt;HUS;S;L;;
tral;HÅN;S;L;;
tran;GAS;S;L;;
trappe;HUS;S;L;;
trappe;FAU;S;L;1;
trappedrager;SAM;S;L;;
trav;BEV;S;L;;
tremet;KVA;S;L;;
tremme;HÅN;S;L;;
trent;"RUM;TID";S;L;;
tresur;"HUS;BES";S;K;;
tribalt;BEK;S;L;;
trille;RUM;S;L;;USIKKER
trilling;BES;S;L;;USIKKER
trindel;VER;S;L;;
trip;BEK;S;L;;
trisse;"HÅN;SØF";S;L;;
trods;FØL;S;L;;
trometere;MUS;S;L;;
tromme;MUS;S;L;;
trompe;MUS;S;L;;
trompere;MUS;S;L;;
trompet;MUS;S;L;;
trop;SAM;S;L;;
tros;"HUS;MIL";S;L;;
trosse;SØF;S;L;;
trumpeslagere;MUS;S;L;;
trygler;SAM;S;L;;USIKKER
træk;SAM;S;L;;
træring;SAM;S;L;;
trøje;BEK;S;L;;
trøje;KVA;S;L;;
trøjedus;SAM;S;L;;
trøler;SAM;S;L;;
trøst;"SPR;FØL";S;K;;
tub;HÅN;S;L;;
tud;"KRO;HUS";S;L;;
tudehorn;"SAM;SØF";S;L;;
tugt;"HAN;FØL";S;L;;
tugtemester;"SAM;SØF";S;L;;
tugtighed;FØL;S;L;;
tumler;"SAM;HÅN";S;L;;
tumpe;SAM;S;L;;
tun;HUS;S;L;;
turbit;FLO;S;L;;
turkeland;VER;S;L;;
turkis;VER;S;L;;
turteldue;FAU;S;L;;
tusindblad;FLO;S;K;;
tusindkunstner;SAM;S;L;;
tusk;BES;S;L;;
tuskeri;HAN;S;L;;
tvebak;GAS;S;L;;
tvedragt;HAN;S;L;;
tvedragtighed;HAN;S;L;;
tvefoldighed;VER;S;L;;
tvege;"FLO;HÅN";S;L;;
tvist;"HAN;JUR";S;L;;
tvivl;KOG;S;L;;
tvivlagtighed;KOG;S;L;;
tvivlmod;FØL;S;L;;
tykke;FØL;S;L;;
tyr;FAU;S;L;1;
tyran;SAM;S;L;;
tyrk;"VER;REL";S;L;;
tyveri;HAN;S;L;;USIKKER
tæge;FAU;S;L;;
tæppe;HUS;S;L;;
tærer;SAM;S;L;;
tærling;BES;S;L;;
tæve;FAU;S;L;;
tøddel;"SAM;KVA";S;L;;
tøffel;BEK;S;L;;
tøj;"HÅN;MIL;HUS;BEK";S;L;;
tøjel;FAU;S;L;1;USIKKER
tømmermand;"HÅN;SØF;FAU";S;K;;
tønde;"HÅN;KVA";S;L;;USIKKER
tørk;HUS;S;L;;
tårn;SAM;S;L;;
uadel;SAM;S;L;;
uart;HÅN;S;L;;
ubeskedenhed;FØL;S;L;;
uddrag;JUR;S;K;;
udflugt;BEV;S;L;;
udgift;"HAN;BES";S;K;;
udkejsning;HAN;S;L;;
udligger;"HÅN;SAM";S;L;;
udstyrtning;HAN;S;L;;
udtog;"HAN;BEV";S;L;;
udvagt;MIL;S;L;;
udvisning;"HAN;JUR";S;L;;USIKKER
udædere;JUR;S;K;;USIKKER
uflid;HAN;S;L;;
ufornuft;KOG;S;L;;
uføje;HAN;S;L;;
ugelspegel;SAM;S;L;;
uhyre;"SAM;FØL";S;L;;
uhørsomme;HAN;S;L;;
ukrudt;FLO;S;L;;
uledighed;HAN;S;L;;
ulempe;"JUR;HAN";S;L;;
ulm;FLO;S;L;1;
ulv;KRO;S;K;;
ulykke;"FØL;HAN;REL";S;L;;
ulyst;FØL;S;L;;
umage;HAN;S;L;;
undergang;"BEV;HAN;SØF;VER";S;L;1;USIKKER
underhold;HAN;S;L;;USIKKER
underholdning;HAN;S;L;;USIKKER
underhus;HUS;S;L;;USIKKER
underlag;VER;S;K;;
underpant;BES;S;L;;
undersked;KOG;S;L;;
underskedning;KOG;S;L;;
underslag;"BEV;HAN;HÅN";S;L;;
undersåt;SAM;S;L;;
underværk;REL;S;L;;
undgeld;BES;S;L;;
undsætning;MIL;S;L;1;USIKKER
unseguld;HÅN;S;L;;
unåde;FØL;S;L;;USIKKER
upligt;"HAN;JUR";S;L;;
ur;"HÅN;TID";S;L;;
urettighed;KOG;S;L;;
urhane;FAU;S;L;;
uråd;HAN;S;K;;USIKKER
usindighed;KOG;S;L;;
uskyld;"FØL;JUR";S;L;1;USIKKER
uskyldighed;"FØL;JUR";S;L;1;
ustorm;VER;S;L;;
utugt;"FØL;JUR";S;L;;
utøj;FAU;S;L;;USIKKER
uvidskab;KOG;S;L;;
uvilje;"KOG;FØL";S;L;1;
uægte;SLÆ;S;L;;
uår;TID;S;L;1;
vadsæk;HUS;S;K;;
vagt;"HAN;TID;MIL;SØF";S;L;;
vagtel;FAU;S;L;;
vagtpenge;BES;S;L;;
vajd;FLO;S;L;;
vakandelbær;FLO;S;L;;
val;SØF;S;L;;
vale;VER;S;L;1;
valkemølle;HÅN;S;L;;USIKKER
valning;BEV;S;L;;
valsted;MIL;S;K;;USIKKER
vams;BEK;S;L;;
vandbakkelse;GAS;S;N;;USIKKER
vandel;"BES;HAN";S;L;;
vandkalv;FAU;S;L;1;USIKKER
vandkarse;FLO;S;K;;USIKKER
vandkrukke;HUS;S;K;;USIKKER
vandring;"HAN;BEV";S;K;;
vandsnider;SAM;S;L;;
vandsten;HUS;S;K;;
vange;HÅN;S;L;;
vanmagt;FØL;S;L;;
vant;SØF;S;L;;
vantmager;HÅN;S;L;;
vantro;"FØL;REL";S;K;;
varde;"SAM;MIL";S;L;;USIKKER
vardemand;MIL;S;L;;
vare;"HAN;SPR;KOG";S;L;1;
vare;"GAS;BES";S;L;;
varere;MIL;S;K;;
varetårn;MIL;S;L;;
varp;"HAN;SØF;HÅN;VER";S;L;;USIKKER
vartavl;HAN;S;L;;
vartegn;"SAM;REL";S;L;;USIKKER
varulv;"SAM;FAU";S;K;;USIKKER
vaterkarse;FLO;S;L;;
vaterspil;SØF;S;L;;
vattersot;KRO;S;K;;
ve;"FØL;KRO";S;L;1;USIKKER
vedage;TID;S;L;;
vedaske;FLO;S;K;;USIKKER
vedbend;FLO;S;L;1;
vede;FLO;S;L;;
vederdøber;REL;S;L;;
vederhage;"MIL;VER";S;K;;
vederlag;BES;S;K;;
vederlyd;VER;S;K;;
vedermod;FØL;S;K;;
vederpart;"SAM;JUR;MIL;SPR";S;L;;
vederskin;VER;S;K;;
vederspil;KOG;S;L;;
vederspring;"HAN;BEV";S;K;;
vederspændighed;KOG;S;L;;USIKKER
vederstand;FØL;S;K;;
vedervilje;FØL;S;K;;
vedervordighed;FØL;S;L;;
vegne;VER;S;L;1;
vejbred;FLO;S;L;;
vejdemets;HUS;S;L;;
vejdeværk;FAU;S;L;;
vejer;SAM;S;L;1;USIKKER
vejleje;MIL;S;K;;
veksel;"HAN;BES;VER";S;L;;
veksler;SAM;S;L;;
velbefald;FØL;S;L;;
velfart;"FØL;BES;GAS;KOG";S;L;;
velgefald;FØL;S;L;;
velkomme;HUS;S;K;;
vellyst;FØL;S;K;;
velstand;BES;S;L;;
vemod;FØL;S;K;;
vemodighed;FØL;S;L;;
venen;KRO;S;L;;
venneke;BEK;S;L;;
vermut;"FLO;GAS";S;L;;
vesselhorn;MIL;S;N;;USIKKER
vesten;VER;S;K;;
vestfaler;"VER;GAS";S;L;;
vibelle;SAM;S;L;;
vid;KOG;S;L;;USIKKER
vidde;"RUM;VER";S;L;;USIKKER
videnskab;KOG;S;L;;
vidtløftighed;"RUM;KVA";S;L;;
viebiskop;REL;S;L;;
viebisp;REL;S;L;;
viekost;REL;S;L;;
vielse;REL;S;L;1;USIKKER
vikke;FLO;S;L;;
vildbrad;"MIL;GAS";S;L;;
vilde;KVA;S;L;;
vildt;"FAU;MIL";S;L;;
vildtbane;SAM;S;L;;
vildtværk;"FAU;HÅN";S;L;;
vilkår;"FØL;JUR";S;L;;
vimmel;HÅN;S;L;;
vinde;HÅN;S;L;;USIKKER
vindearmbrøst;MIL;S;L;;
vindeldug;BEK;S;L;;
vindelsnor;BEK;S;L;;
vindelsten;HUS;S;L;;
vindetakkel;HÅN;S;L;;
vindfang;"HÅN;SØF;VER;HUS;BEK";S;K;;
vindrue;FLO;S;L;;
vindvåge;VER;S;L;;
vinforlader;HÅN;S;L;;
vinkel;RUM;S;L;;
vinlag;GAS;S;K;;
vinmand;HÅN;S;K;;
vinrude;FLO;S;L;;
vinsten;FLO;S;K;;USIKKER
vinterlag;"SØF;BES";S;K;;USIKKER
vippe;HÅN;S;L;;
virak;FLO;S;L;;
vire;HÅN;S;L;1;
virk;FLO;S;L;;USIKKER
vis;"HAN;FØL";S;L;;USIKKER
vise;FAU;S;L;;USIKKER
viser;SAM;S;L;1;USIKKER
vished;"KOG;JUR";S;L;;
visning;JUR;S;L;;
vissen;JUR;S;L;1;USIKKER
vitterlighed;"KOG;JUR";S;L;;
vitve;SLÆ;S;L;;
vivel;FAU;S;L;1;
vogndriver;BEV;S;K;;USIKKER
vognskud;HÅN;S;L;;
voks;"FLO;HÅN";S;L;1;
vol;KVA;S;L;;USIKKER
vold;"MIL;VER";S;L;;
volverlej;FLO;S;L;;
vove;VER;S;K;;USIKKER
vove;HAN;S;L;;
vovehals;SAM;S;L;;
vrag;HAN;S;K;;USIKKER
vrag;"HAN;FØL";S;L;;
vrager;SAM;S;K;;
vragfisk;FAU;S;K;;
vraggods;BES;S;K;;USIKKER
vragsten;HÅN;S;K;;USIKKER
vrede;FØL;S;L;1;
vrille;RUM;S;L;;
vrist;KRO;S;L;1;
vunde;KRO;S;L;;USIKKER
vundenkrud;KRO;S;L;;
vunder;REL;S;L;;
vurst;SØF;S;L;;
væbner;MIL;S;L;;
væd;"HAN;BES";S;L;1;
væddeløb;HAN;S;K;;USIKKER
væddemestere;JUR;S;L;;
væddeskat;BES;S;K;;USIKKER
væge;HÅN;S;L;;
vægge;GAS;S;K;;
vægt;"KVA;BES";S;L;;
vægter;"MIL;SAM";S;L;;
vælde;"SAM;HAN";S;K;;
vældener;JUR;S;L;;
vælling;GAS;S;L;;USIKKER
værde;"FØL;HAN";S;L;;
være;BES;S;L;;
værft;"VER;SØF";S;L;;USIKKER
værge;"MIL;BES";S;L;1;USIKKER
værgebo;KRO;S;K;;USIKKER
værk;HÅN;S;L;;
værk;FAU;S;K;;
værker;HÅN;S;L;;
værkfad;HÅN;S;K;;USIKKER
værkmester;HÅN;S;L;1;
værksted;HÅN;S;K;;
vært;"HUS;SAM";S;L;;
værtinde;"HUS;SAM";S;L;;
værtskab;"HUS;SAM";S;L;;
væsen;"KOG;VER;HAN";S;L;;
væsende;SAM;S;L;;
væske;HUS;S;L;;
våbenhus;"MIL;REL";S;K;;USIKKER
våbentøg;MIL;S;L;;
våg;"VER;SØF";S;K;;USIKKER
våge;"VER;SØF";S;L;;
våge;"KOG;REL";S;L;1;
våner;HUS;S;L;;
våning;HUS;S;L;;
våningshus;SAM;S;L;;
weichsel;FLO;S;L;;
yngermand;JUR;S;K;;
ædelhed;FØL;S;L;;
ædelmand;SAM;S;L;;
ædelsten;VER;S;L;;USIKKER
ædling;"SAM;FØL";S;L;;USIKKER
æggetøj;HÅN;S;L;;USIKKER
ægstål;HÅN;S;K;;USIKKER
ægte;SLÆ;S;L;;
ægtemand;SLÆ;S;L;;
ægteskab;"SLÆ;JUR;REL";S;L;;
ægteviv;SLÆ;S;L;;
ærbarhed;FØL;S;L;;
ære;"FØL;SAM";S;L;;
æreklæder;BEK;S;L;;
ærlighed;"FØL;HAN";S;L;;
æsel;FAU;S;L;;
æver;SØF;S;L;1;
øjeblik;"KRO;HAN;SAN;TID";S;L;;
øjeled;KRO;S;L;;
øjenskalk;REL;S;L;;
øjentjener;SAM;S;K;;USIKKER
øjentrøst;FLO;S;K;;
øjeæble;KRO;S;K;;
øjneflod;KRO;S;L;;
ønske;"FØL;HAN;KOG";S;K;;
ørefigen;HAN;S;L;;
ørs;"FAU;MIL";S;L;;
øse;HUS;S;L;1;
øse;HÅN;S;L;;
øsken;HÅN;S;L;;
åbenbaring;"HAN;REL";S;L;;USIKKER
årsag;HAN;S;L;;
ås;FAU;S;L;;
